"Abnormality NEC","Blood","Circulatory","Congenital","Digestive","Ear","Endocrine/metabolic","External","Eye","Genitourinary","Infectious disease","Mental/behavioural","Musculoskeletal","Neoplasm","Nervous system","Not recorded","Obstetric/puerperium","Other","Perinatal","Respiratory","Skin","Died of Abnormality NEC","Died of Blood","Died of Circulatory","Died of Congenital","Died of Digestive","Died of Ear","Died of Endocrine/metabolic","Died of External","Died of Eye","Died of Genitourinary","Died of Infectious disease","Died of Mental/behavioural","Died of Musculoskeletal","Died of Neoplasm","Died of Nervous system","Died of Obstetric/puerperium","Died of Perinatal","Died of Respiratory","Died of Skin","Died of unrecorded"
"v3_all_q1",14015,473,4874,80,7957,357,728,15007,408,4600,4579,967,2439,1351,1500,1594,1237,468,0,5865,2455,36,0,436,0,39,0,31,269,0,0,9,28,0,88,19,0,0,39,0,25
"v4_all_q1",14057,467,4570,75,8034,352,681,14629,413,4596,4274,836,2530,1293,1526,1574,1333,438,0,5695,2498,31,0,365,0,34,0,25,256,0,0,8,16,0,58,12,0,0,28,0,22
"v3_all_q2",15362,515,6217,56,7716,311,1003,11517,312,4311,4242,1155,3030,1888,1758,1591,737,457,0,7425,2370,27,0,707,0,73,0,40,343,0,11,14,67,0,174,91,0,0,94,0,28
"v4_all_q2",14354,448,6314,52,7268,327,851,10767,307,3918,4102,908,2855,1599,1615,1397,586,401,0,6470,2190,24,0,679,0,60,0,37,226,0,8,13,33,0,156,33,0,0,55,0,28
"v3_all_q3",10643,414,5401,32,4995,237,934,6986,201,2801,3028,867,2036,1516,1215,969,219,296,0,6442,1458,23,0,668,11,51,0,43,186,0,12,5,116,0,304,150,0,0,97,0,27
"v4_all_q3",9110,312,4475,28,4111,189,694,5942,174,2427,2719,725,1726,1087,989,822,203,249,0,5324,1144,23,0,500,5,33,0,35,177,0,5,0,52,5,165,40,0,0,70,0,19
"v3_all_q4",5183,227,2946,13,2398,81,498,3284,90,1460,1265,471,1058,832,548,484,58,109,0,3347,633,18,5,409,0,26,0,24,71,0,0,6,98,5,232,135,0,0,88,0,19
"v4_all_q4",6178,253,3340,21,2808,111,552,3988,103,1613,1450,558,1237,805,688,586,100,148,0,3669,751,13,0,375,5,33,0,28,112,0,9,0,35,0,151,61,0,0,56,0,7
"v3_all_q5",5358,210,3106,14,2323,74,521,3662,92,1597,1151,517,1121,932,588,490,42,140,0,3555,581,29,0,549,0,36,0,28,58,0,23,7,238,8,317,211,0,0,138,0,10
"v4_all_q5",4974,200,2838,8,2271,72,502,3333,80,1393,1122,493,1015,705,565,431,71,132,0,3231,637,10,0,404,0,27,0,16,87,0,9,7,76,0,171,75,0,0,81,0,8
"v3_all_q6",5246,235,2959,9,2201,69,480,3483,67,1619,1048,592,1054,879,564,415,28,126,0,3766,571,54,0,648,0,38,0,41,64,0,32,14,431,15,389,295,0,0,194,6,13
"v4_all_q6",4194,192,2220,7,1812,53,427,2693,56,1209,929,413,817,642,454,357,33,97,0,2767,469,19,0,351,5,29,0,27,72,0,5,5,72,6,170,98,0,0,68,0,15
"v3_all_q7",3710,181,2176,0,1533,35,360,2394,39,1160,756,408,631,591,351,281,23,78,0,2796,404,36,0,490,0,33,0,22,38,0,20,11,330,8,272,242,0,0,169,0,14
"v4_all_q7",3355,152,1880,5,1459,45,343,2200,48,998,708,400,640,483,365,288,13,84,0,2378,368,13,0,310,0,17,0,14,49,0,19,0,147,0,151,130,0,0,85,0,11
"v3_all_q8",2362,128,1434,9,1017,25,278,1588,23,799,495,285,481,419,234,211,10,42,0,2011,295,24,0,354,0,32,0,22,25,0,21,11,220,10,212,158,0,0,130,0,9
"v4_all_q8",2956,132,1648,9,1206,38,330,2085,25,962,611,413,578,465,292,272,10,58,0,2370,338,10,0,342,0,24,0,18,39,0,14,6,186,8,154,167,0,0,107,0,9
"v3_all_q9",2612,114,1448,0,1128,19,285,1706,17,970,543,331,539,419,257,185,8,81,0,2222,282,29,0,385,0,42,0,19,23,0,33,10,256,7,257,160,0,0,170,0,12
"v4_all_q9",2749,130,1577,6,1182,24,325,1907,30,924,590,401,548,482,289,237,6,80,0,2316,322,18,0,386,0,34,0,24,42,0,19,10,309,9,197,251,0,0,120,0,8
"v3_all_q10",2198,102,1217,0,911,33,269,1419,22,784,433,289,413,326,223,191,0,60,0,1951,226,18,0,337,0,26,0,26,26,0,15,7,204,8,232,132,0,0,134,0,12
"v4_all_q10",2321,127,1304,6,1041,26,277,1588,19,852,467,352,453,400,243,193,0,68,0,2049,260,36,0,369,0,32,0,24,25,0,20,13,334,8,194,238,0,0,146,0,0
"v3_all_q11",1800,95,937,0,753,16,228,1140,22,631,345,243,331,288,166,151,0,50,0,1695,179,21,0,258,0,33,0,25,12,0,19,6,133,7,179,98,0,0,128,0,10
"v4_all_q11",1940,97,1047,0,828,13,253,1465,11,726,374,287,346,389,216,157,5,62,0,1889,211,39,0,381,0,29,0,21,22,0,21,6,314,9,214,236,0,0,154,0,11
"v3_all_q12",1735,90,830,0,731,10,223,1068,14,623,345,204,305,230,200,140,0,54,0,1678,182,10,0,272,0,23,0,25,19,0,24,0,113,8,170,77,0,0,128,0,9
"v4_all_q12",2116,114,1095,6,867,14,275,1364,19,805,446,290,364,355,211,195,0,60,0,2048,257,36,0,410,0,33,0,33,18,0,31,12,330,13,256,229,0,0,192,0,10
"v3_all_q13",942,43,433,0,420,6,134,528,8,370,197,137,178,131,102,88,0,18,0,951,118,0,0,118,0,13,0,13,11,0,8,0,39,0,109,47,0,0,49,0,0
"v4_all_q13",1500,80,820,0,638,0,211,939,16,591,295,248,271,301,167,133,0,50,0,1542,180,27,0,306,0,23,0,21,14,0,18,7,197,8,191,149,0,0,135,0,18
"v3_all_q14",1129,50,503,0,521,9,171,631,9,407,238,170,187,164,108,94,0,33,0,1167,143,0,0,113,0,13,0,22,11,0,10,7,51,0,105,44,0,0,52,0,0
"v4_all_q14",1231,64,651,0,526,8,174,841,14,524,277,166,209,284,111,106,0,34,0,1373,146,21,0,230,0,30,0,26,14,0,15,10,133,0,214,91,0,0,117,0,13
"v3_all_q15",662,38,262,0,292,5,101,348,0,225,146,110,96,69,75,56,0,19,0,670,101,0,0,50,0,12,0,7,9,0,6,0,23,0,60,23,0,0,35,0,0
"v4_all_q15",880,53,429,0,372,0,108,547,5,371,199,123,155,235,91,75,0,30,0,962,97,9,0,152,0,24,0,17,12,0,17,5,53,0,179,32,0,0,104,0,9
"v3_all_q16",669,30,243,0,279,0,99,321,0,217,118,132,91,67,75,55,0,12,0,686,72,0,0,45,0,8,0,8,9,0,8,0,14,0,39,10,0,0,37,0,0
"v4_all_q16",789,46,359,0,377,7,150,426,0,333,163,135,132,247,81,79,0,27,0,954,109,0,0,130,0,20,0,11,5,0,18,0,38,0,207,28,0,0,61,0,0
"v3_all_q17",487,16,167,0,237,0,101,271,0,174,94,154,65,35,65,46,0,15,0,541,60,0,0,32,0,5,0,7,9,0,0,0,12,0,25,9,0,0,21,0,0
"v4_all_q17",619,53,267,0,254,0,110,314,6,282,145,123,86,170,63,62,0,19,0,715,88,0,0,83,0,7,0,12,7,0,8,0,31,0,145,20,0,0,54,0,0
"v3_all_q18",173,9,48,0,79,0,35,112,0,45,34,50,23,16,24,23,0,5,0,185,25,0,0,6,0,0,0,0,0,0,0,0,0,0,8,0,0,0,0,0,0
"v4_all_q18",596,30,230,0,272,0,106,280,0,183,130,130,85,135,52,60,0,19,0,727,64,0,0,77,0,10,0,9,7,0,11,0,15,0,145,7,0,0,44,0,0
"v3_all_q19",87,0,15,0,41,0,13,47,0,29,16,14,15,8,9,0,0,0,0,78,13,0,0,5,0,6,0,0,0,0,0,0,0,0,0,0,0,0,0,0,0
"v4_all_q19",251,15,104,0,117,0,51,130,0,74,50,55,27,68,28,24,0,6,0,327,22,0,0,21,0,7,0,0,0,0,0,0,0,0,45,0,0,0,22,0,0
"v3_all_q20",0,0,0,0,0,0,0,0,0,0,0,0,0,0,0,0,0,0,0,0,0,0,0,0,0,0,0,0,0,0,0,0,0,0,0,0,0,0,0,0,0
"v4_all_q20",204,6,48,0,90,0,41,74,0,41,22,40,19,16,16,20,0,5,0,225,17,0,0,11,0,6,0,0,0,0,0,0,0,0,10,0,0,0,9,0,0
"v3_Male_q1",6034,189,3164,58,3992,180,358,8475,190,1811,2133,604,1187,676,665,797,0,223,0,2810,1389,24,0,326,0,28,0,23,206,0,0,0,20,0,51,12,0,0,30,0,16
"v4_Male_q1",5616,159,2720,51,3734,161,315,7967,186,1761,1924,476,1164,538,613,719,0,204,0,2563,1357,18,0,241,0,18,0,19,186,0,0,0,12,0,31,7,0,0,18,0,15
"v3_Male_q2",6328,216,3633,27,3527,148,536,5997,162,1617,1949,701,1304,883,704,722,0,213,0,3374,1278,21,0,475,0,43,0,28,245,0,0,9,37,0,94,53,0,0,62,0,23
"v4_Male_q2",6041,196,3763,30,3438,165,435,5678,159,1456,1928,543,1217,777,673,659,0,178,0,2956,1208,20,0,473,0,37,0,26,171,0,0,8,19,0,72,16,0,0,37,0,21
"v3_Male_q3",4661,190,3020,19,2267,111,449,3387,92,1110,1559,494,825,762,546,475,0,159,0,3179,774,13,0,426,7,33,0,27,121,0,6,0,59,0,167,62,0,0,51,0,19
"v4_Male_q3",3997,136,2507,14,1864,88,340,2908,84,937,1392,447,697,549,423,400,0,125,0,2577,600,13,0,317,0,18,0,24,118,0,0,0,28,0,91,21,0,0,37,0,13
"v3_Male_q4",2291,94,1573,7,1085,30,229,1426,48,589,595,261,407,422,242,232,0,51,0,1604,327,11,0,221,0,17,0,10,50,0,0,0,37,0,112,52,0,0,38,0,11
"v4_Male_q4",2676,115,1753,17,1245,52,277,1840,50,614,680,328,497,429,302,271,0,70,0,1730,397,8,0,232,0,25,0,14,78,0,0,0,17,0,73,25,0,0,30,0,6
"v3_Male_q5",2358,82,1584,8,1018,33,246,1448,37,606,522,285,445,484,239,229,0,75,0,1674,287,11,0,277,0,17,0,18,38,0,8,0,75,0,157,70,0,0,61,0,5
"v4_Male_q5",2093,85,1493,0,1037,24,239,1408,33,562,538,265,379,347,229,211,0,73,0,1494,333,7,0,239,0,14,0,9,57,0,5,0,32,0,77,26,0,0,36,0,0
"v3_Male_q6",2219,108,1453,5,954,27,251,1347,29,661,479,331,384,454,216,164,0,63,0,1718,269,14,0,283,0,18,0,23,37,0,9,0,106,0,179,66,0,0,78,0,6
"v4_Male_q6",1840,77,1148,0,798,24,212,1080,28,468,423,219,319,318,198,163,0,51,0,1273,217,8,0,196,0,19,0,13,46,0,0,0,26,0,80,37,0,0,37,0,11
"v3_Male_q7",1550,68,1012,0,675,11,158,921,12,464,322,214,219,303,152,123,0,44,0,1287,176,9,0,186,0,17,0,9,29,0,5,6,88,0,125,82,0,0,65,0,5
"v4_Male_q7",1457,64,930,0,641,16,184,856,17,410,285,227,231,248,154,131,0,52,0,1112,183,6,0,148,0,9,0,10,34,0,5,0,40,0,86,34,0,0,35,0,5
"v3_Male_q8",1019,60,686,0,463,9,118,629,9,325,192,139,175,195,115,92,0,25,0,863,138,5,0,141,0,18,0,9,18,0,5,0,65,0,98,37,0,0,48,0,5
"v4_Male_q8",1295,52,818,5,575,17,143,812,7,378,271,233,210,242,125,121,0,35,0,1053,161,0,0,149,0,12,0,10,24,0,0,0,53,0,68,39,0,0,43,0,0
"v3_Male_q9",1120,34,679,0,479,11,118,671,6,389,216,187,173,209,101,71,0,40,0,962,118,10,0,162,0,21,0,8,16,0,17,0,65,0,121,55,0,0,66,0,5
"v4_Male_q9",1232,45,740,0,534,8,144,753,13,377,263,232,192,251,135,109,0,41,0,1071,148,6,0,167,0,16,0,7,34,0,7,0,75,0,96,73,0,0,55,0,0
"v3_Male_q10",920,39,593,0,382,11,115,508,10,303,193,152,141,162,97,81,0,31,0,901,112,0,0,155,0,9,0,7,18,0,0,0,69,0,106,55,0,0,44,0,0
"v4_Male_q10",1037,52,635,0,463,10,126,632,7,341,216,198,167,210,113,83,0,36,0,947,122,12,0,126,0,21,0,10,17,0,5,0,92,0,84,73,0,0,58,0,0
"v3_Male_q11",755,41,413,0,319,6,113,445,8,264,159,127,115,151,85,77,0,31,0,724,80,5,0,112,0,15,0,12,9,0,8,5,35,0,86,35,0,0,44,0,6
"v4_Male_q11",835,46,529,0,351,5,118,583,8,289,175,156,121,194,96,71,0,35,0,833,95,0,0,145,0,14,0,9,13,0,6,0,81,0,88,76,0,0,55,0,5
"v3_Male_q12",746,43,392,0,317,5,102,446,7,248,169,109,93,115,93,72,0,33,0,707,88,5,0,111,0,13,0,10,13,0,10,0,38,0,87,28,0,0,54,0,0
"v4_Male_q12",919,56,526,0,391,7,119,575,6,329,206,159,132,192,109,97,0,34,0,926,123,8,0,156,0,16,0,17,11,0,10,5,86,0,120,84,0,0,59,0,7
"v3_Male_q13",368,18,197,0,189,0,72,226,5,160,102,74,66,70,43,43,0,9,0,398,56,0,0,44,0,7,0,9,8,0,0,0,15,0,53,18,0,0,18,0,0
"v4_Male_q13",680,37,400,0,286,0,102,416,7,259,123,121,100,151,83,72,0,32,0,698,90,5,0,115,0,10,0,8,11,0,6,0,74,0,94,59,0,0,51,0,7
"v3_Male_q14",507,23,232,0,246,0,72,283,0,172,119,113,70,79,51,40,0,19,0,486,65,0,0,53,0,6,0,12,7,0,5,0,24,0,50,15,0,0,19,0,0
"v4_Male_q14",543,26,330,0,241,5,91,376,7,253,124,94,85,153,53,51,0,21,0,600,68,7,0,109,0,15,0,11,10,0,6,0,53,0,102,45,0,0,46,0,0
"v3_Male_q15",279,18,136,0,134,0,41,162,0,99,63,74,39,36,36,30,0,11,0,279,53,0,0,30,0,5,0,0,0,0,0,0,12,0,32,10,0,0,10,0,0
"v4_Male_q15",400,26,213,0,188,0,52,246,0,156,92,71,68,129,41,30,0,19,0,454,43,0,0,76,0,11,0,12,8,0,10,0,25,0,95,17,0,0,31,0,0
"v3_Male_q16",331,16,124,0,135,0,45,161,0,97,51,90,48,39,41,28,0,8,0,264,34,0,0,29,0,7,0,0,5,0,7,0,8,0,18,6,0,0,19,0,0
"v4_Male_q16",373,28,173,0,200,0,63,218,0,161,75,92,57,127,49,39,0,15,0,421,52,0,0,53,0,11,0,7,0,0,7,0,18,0,116,12,0,0,24,0,0
"v3_Male_q17",230,6,90,0,128,0,53,147,0,79,40,99,28,15,32,25,0,7,0,217,32,0,0,20,0,0,0,6,5,0,0,0,10,0,15,0,0,0,12,0,0
"v4_Male_q17",305,22,137,0,134,0,44,150,0,135,71,79,36,93,33,30,0,10,0,314,53,0,0,46,0,0,0,6,6,0,5,0,19,0,69,9,0,0,27,0,0
"v3_Male_q18",82,5,32,0,41,0,16,62,0,26,14,29,9,6,13,10,0,0,0,84,13,0,0,0,0,0,0,0,0,0,0,0,0,0,0,0,0,0,0,0,0
"v4_Male_q18",296,16,124,0,142,0,54,146,0,93,65,82,47,78,23,37,0,13,0,317,30,0,0,52,0,7,0,0,0,0,8,0,10,0,85,0,0,0,27,0,0
"v3_Male_q19",47,0,5,0,28,0,9,19,0,15,7,8,9,6,5,0,0,0,0,35,5,0,0,0,0,0,0,0,0,0,0,0,0,0,0,0,0,0,0,0,0
"v4_Male_q19",108,9,48,0,63,0,26,72,0,37,21,40,11,34,18,10,0,0,0,129,7,0,0,13,0,5,0,0,0,0,0,0,0,0,24,0,0,0,11,0,0
"v3_Male_q20",0,0,0,0,0,0,0,0,0,0,0,0,0,0,0,0,0,0,0,0,0,0,0,0,0,0,0,0,0,0,0,0,0,0,0,0,0,0,0,0,0
"v4_Male_q20",102,0,31,0,55,0,17,44,0,19,12,29,7,7,6,9,0,0,0,98,7,0,0,6,0,0,0,0,0,0,0,0,0,0,0,0,0,0,0,0,0
"v3_Female_q1",7981,284,1710,22,3965,177,370,6532,218,2789,2446,363,1252,675,835,797,1237,245,0,3055,1066,12,0,110,0,11,0,8,63,0,0,6,8,0,37,7,0,0,9,0,9
"v4_Female_q1",8441,308,1850,24,4300,191,366,6662,227,2835,2350,360,1366,755,913,855,1333,234,0,3132,1141,13,0,124,0,16,0,6,70,0,0,6,0,0,27,5,0,0,10,0,7
"v3_Female_q2",9034,299,2584,29,4189,163,467,5520,150,2694,2293,454,1726,1005,1054,869,737,244,0,4051,1092,6,0,232,0,30,0,12,98,0,8,5,30,0,80,38,0,0,32,0,5
"v4_Female_q2",8313,252,2551,22,3830,162,416,5089,148,2462,2174,365,1638,822,942,738,586,223,0,3514,982,0,0,206,0,23,0,11,55,0,7,5,14,0,84,17,0,0,18,0,7
"v3_Female_q3",5982,224,2381,13,2728,126,485,3599,109,1691,1469,373,1211,754,669,494,219,137,0,3263,684,10,0,242,0,18,0,16,65,0,6,0,57,0,137,88,0,0,46,0,8
"v4_Female_q3",5113,176,1968,14,2247,101,354,3034,90,1490,1327,278,1029,538,566,422,203,124,0,2747,544,10,0,183,0,15,0,11,59,0,0,0,24,0,74,19,0,0,33,0,6
"v3_Female_q4",2892,133,1373,6,1313,51,269,1858,42,871,670,210,651,410,306,252,58,58,0,1743,306,7,5,188,0,9,0,14,21,0,0,0,61,0,120,83,0,0,50,0,8
"v4_Female_q4",3502,138,1587,0,1563,59,275,2148,53,999,770,230,740,376,386,315,100,78,0,1939,354,5,0,143,0,8,0,14,34,0,5,0,18,0,78,36,0,0,26,0,0
"v3_Female_q5",3000,128,1522,6,1305,41,275,2214,55,991,629,232,676,448,349,261,42,65,0,1881,294,18,0,272,0,19,0,10,20,0,15,6,163,5,160,141,0,0,77,0,5
"v4_Female_q5",2881,115,1345,0,1234,48,263,1925,47,831,584,228,636,358,336,220,71,59,0,1737,304,0,0,165,0,13,0,7,30,0,0,5,44,0,94,49,0,0,45,0,0
"v3_Female_q6",3027,127,1506,0,1247,42,229,2136,38,958,569,261,670,425,348,251,28,63,0,2048,302,40,0,365,0,20,0,18,27,0,23,11,325,11,210,229,0,0,116,6,7
"v4_Female_q6",2354,115,1072,5,1014,29,215,1613,28,741,506,194,498,324,256,194,33,46,0,1494,252,11,0,155,0,10,0,14,26,0,0,0,46,0,90,61,0,0,31,0,0
"v3_Female_q7",2160,113,1164,0,858,24,202,1473,27,696,434,194,412,288,199,158,23,34,0,1509,228,27,0,304,0,16,0,13,9,0,15,5,242,7,147,160,0,0,104,0,9
"v4_Female_q7",1898,88,950,0,818,29,159,1344,31,588,423,173,409,235,211,157,13,32,0,1266,185,7,0,162,0,8,0,0,15,0,14,0,107,0,65,96,0,0,50,0,6
"v3_Female_q8",1343,68,748,5,554,16,160,959,14,474,303,146,306,224,119,119,10,17,0,1148,157,19,0,213,0,14,0,13,7,0,16,9,155,8,114,121,0,0,82,0,0
"v4_Female_q8",1661,80,830,0,631,21,187,1273,18,584,340,180,368,223,167,151,10,23,0,1317,177,8,0,193,0,12,0,8,15,0,11,0,133,0,86,128,0,0,64,0,5
"v3_Female_q9",1492,80,769,0,649,8,167,1035,11,581,327,144,366,210,156,114,8,41,0,1260,164,19,0,223,0,21,0,11,7,0,16,8,191,7,136,105,0,0,104,0,7
"v4_Female_q9",1517,85,837,0,648,16,181,1154,17,547,327,169,356,231,154,128,6,39,0,1245,174,12,0,219,0,18,0,17,8,0,12,6,234,6,101,178,0,0,65,0,0
"v3_Female_q10",1278,63,624,0,529,22,154,911,12,481,240,137,272,164,126,110,0,29,0,1050,114,15,0,182,0,17,0,19,8,0,11,6,135,8,126,77,0,0,90,0,9
"v4_Female_q10",1284,75,669,0,578,16,151,956,12,511,251,154,286,190,130,110,0,32,0,1102,138,24,0,243,0,11,0,14,8,0,15,9,242,8,110,165,0,0,88,0,0
"v3_Female_q11",1045,54,524,0,434,10,115,695,14,367,186,116,216,137,81,74,0,19,0,971,99,16,0,146,0,18,0,13,0,0,11,0,98,0,93,63,0,0,84,0,0
"v4_Female_q11",1105,51,518,0,477,8,135,882,0,437,199,131,225,195,120,86,5,27,0,1056,116,35,0,236,0,15,0,12,9,0,15,0,233,9,126,160,0,0,99,0,6
"v3_Female_q12",989,47,438,0,414,5,121,622,7,375,176,95,212,115,107,68,0,21,0,971,94,5,0,161,0,10,0,15,6,0,14,0,75,6,83,49,0,0,74,0,5
"v4_Female_q12",1197,58,569,0,476,7,156,789,13,476,240,131,232,163,102,98,0,26,0,1122,134,28,0,254,0,17,0,16,7,0,21,7,244,13,136,145,0,0,133,0,0
"v3_Female_q13",574,25,236,0,231,0,62,302,0,210,95,63,112,61,59,45,0,9,0,553,62,0,0,74,0,6,0,0,0,0,5,0,24,0,56,29,0,0,31,0,0
"v4_Female_q13",820,43,420,0,352,0,109,523,9,332,172,127,171,150,84,61,0,18,0,844,90,22,0,191,0,13,0,13,0,0,12,0,123,7,97,90,0,0,84,0,11
"v3_Female_q14",622,27,271,0,275,8,99,348,6,235,119,57,117,85,57,54,0,14,0,681,78,0,0,60,0,7,0,10,0,0,5,0,27,0,55,29,0,0,33,0,0
"v4_Female_q14",688,38,321,0,285,0,83,465,7,271,153,72,124,131,58,55,0,13,0,773,78,14,0,121,0,15,0,15,0,0,9,6,80,0,112,46,0,0,71,0,11
"v3_Female_q15",383,20,126,0,158,0,60,186,0,126,83,36,57,33,39,26,0,8,0,391,48,0,0,20,0,7,0,0,5,0,5,0,11,0,28,13,0,0,25,0,0
"v4_Female_q15",480,27,216,0,184,0,56,301,0,215,107,52,87,106,50,45,0,11,0,508,54,6,0,76,0,13,0,5,0,0,7,0,28,0,84,15,0,0,73,0,6
"v3_Female_q16",338,14,119,0,144,0,54,160,0,120,67,42,43,28,34,27,0,0,0,422,38,0,0,16,0,0,0,0,0,0,0,0,6,0,21,0,0,0,18,0,0
"v4_Female_q16",416,18,186,0,177,5,87,208,0,172,88,43,75,120,32,40,0,12,0,533,57,0,0,77,0,9,0,0,0,0,11,0,20,0,91,16,0,0,37,0,0
"v3_Female_q17",257,10,77,0,109,0,48,124,0,95,54,55,37,20,33,21,0,8,0,324,28,0,0,12,0,0,0,0,0,0,0,0,0,0,10,5,0,0,9,0,0
"v4_Female_q17",314,31,130,0,120,0,66,164,0,147,74,44,50,77,30,32,0,9,0,401,35,0,0,37,0,5,0,6,0,0,0,0,12,0,76,11,0,0,27,0,0
"v3_Female_q18",91,0,16,0,38,0,19,50,0,19,20,21,14,10,11,13,0,0,0,101,12,0,0,0,0,0,0,0,0,0,0,0,0,0,0,0,0,0,0,0,0
"v4_Female_q18",300,14,106,0,130,0,52,134,0,90,65,48,38,57,29,23,0,6,0,410,34,0,0,25,0,0,0,5,0,0,0,0,5,0,60,0,0,0,17,0,0
"v3_Female_q19",40,0,10,0,13,0,0,28,0,14,9,6,6,0,0,0,0,0,0,43,8,0,0,0,0,0,0,0,0,0,0,0,0,0,0,0,0,0,0,0,0
"v4_Female_q19",143,6,56,0,54,0,25,58,0,37,29,15,16,34,10,14,0,0,0,198,15,0,0,8,0,0,0,0,0,0,0,0,0,0,21,0,0,0,11,0,0
"v3_Female_q20",0,0,0,0,0,0,0,0,0,0,0,0,0,0,0,0,0,0,0,0,0,0,0,0,0,0,0,0,0,0,0,0,0,0,0,0,0,0,0,0,0
"v4_Female_q20",102,0,17,0,35,0,24,30,0,22,10,11,12,9,10,11,0,5,0,127,10,0,0,5,0,0,0,0,0,0,0,0,0,0,6,0,0,0,5,0,0
"v3_Most_deprived_q1",2910,100,843,7,1489,80,133,3463,65,930,978,310,491,177,276,277,268,101,0,1253,510,11,0,95,0,6,0,6,64,0,0,0,7,0,18,0,0,0,11,0,0
"v4_Most_deprived_q1",2704,99,697,6,1442,72,126,3088,63,873,835,227,498,156,260,239,287,79,0,1115,504,7,0,58,0,6,0,5,59,0,0,0,0,0,9,0,0,0,7,0,0
"v3_Most_deprived_q2",4464,142,1493,12,2083,65,298,3473,61,1212,1110,422,853,420,470,388,225,99,0,2141,702,14,0,176,0,22,0,14,148,0,0,6,22,0,34,12,0,0,32,0,7
"v4_Most_deprived_q2",4065,110,1400,12,1887,69,203,3153,57,1100,1051,337,761,339,431,331,171,99,0,1790,623,15,0,169,0,13,0,10,95,0,0,6,16,0,24,0,0,0,15,0,6
"v3_Most_deprived_q3",3094,92,1228,14,1328,65,265,2023,47,779,803,300,575,336,336,226,65,81,0,1797,442,8,0,176,0,15,0,11,88,0,0,0,30,0,50,20,0,0,28,0,0
"v4_Most_deprived_q3",2745,72,1117,10,1211,48,205,1823,42,716,785,255,514,279,272,205,74,57,0,1580,360,9,0,140,0,11,0,9,69,0,0,0,14,0,42,9,0,0,22,0,5
"v3_Most_deprived_q4",1479,51,712,0,623,17,128,936,24,367,355,153,278,183,148,110,22,21,0,997,206,8,0,91,0,6,0,8,22,0,0,0,15,0,40,25,0,0,18,0,0
"v4_Most_deprived_q4",1888,78,810,9,773,28,176,1249,25,463,420,193,363,183,201,146,31,41,0,1078,254,6,0,101,0,10,0,10,48,0,0,0,9,0,17,8,0,0,16,0,0
"v3_Most_deprived_q5",1457,56,721,0,653,15,147,954,21,424,316,165,276,217,159,112,13,29,0,995,175,0,0,102,0,5,0,0,24,0,6,0,35,0,57,28,0,0,31,0,0
"v4_Most_deprived_q5",1532,52,733,0,643,26,159,1019,27,406,320,178,284,180,168,110,29,32,0,1041,195,0,0,105,0,5,0,8,39,0,0,0,12,0,31,11,0,0,28,0,0
"v3_Most_deprived_q6",1486,51,696,0,577,16,144,905,16,418,256,186,299,202,150,108,11,26,0,1087,158,0,0,109,0,7,0,5,36,0,6,0,66,0,65,53,0,0,36,0,5
"v4_Most_deprived_q6",1319,45,614,0,541,12,127,822,17,315,273,137,238,150,125,90,11,19,0,860,172,0,0,57,0,6,0,0,40,0,0,0,15,0,29,17,0,0,17,0,0
"v3_Most_deprived_q7",1011,45,557,0,411,10,102,628,10,317,221,130,182,137,99,62,12,8,0,813,119,6,0,96,0,9,0,7,17,0,0,0,65,0,55,40,0,0,39,0,0
"v4_Most_deprived_q7",948,43,479,0,415,12,97,603,8,249,200,114,198,106,121,84,5,14,0,730,118,0,0,78,0,0,0,5,23,0,6,0,29,0,30,24,0,0,18,0,0
"v3_Most_deprived_q8",676,45,350,0,297,6,84,439,6,234,151,86,131,106,72,56,0,6,0,624,96,0,0,63,0,5,0,5,10,0,0,0,39,0,42,33,0,0,28,0,0
"v4_Most_deprived_q8",871,33,428,0,325,6,97,611,5,266,172,151,170,114,91,84,6,16,0,739,121,0,0,72,0,7,0,5,19,0,0,0,37,0,23,38,0,0,22,0,0
"v3_Most_deprived_q9",765,32,359,0,330,5,79,496,0,255,152,106,152,93,85,53,0,21,0,709,94,8,0,67,0,7,0,0,12,0,6,0,49,0,56,36,0,0,35,0,0
"v4_Most_deprived_q9",790,43,408,0,330,10,112,547,11,272,162,128,166,105,79,68,0,17,0,701,101,0,0,63,0,6,0,0,23,0,0,0,49,0,48,37,0,0,22,0,0
"v3_Most_deprived_q10",667,23,338,0,287,7,77,428,0,229,129,89,123,85,55,51,0,14,0,597,58,0,0,60,0,0,0,0,11,0,5,0,46,0,46,15,0,0,28,0,0
"v4_Most_deprived_q10",693,29,326,0,325,0,76,443,0,229,141,128,128,104,69,53,0,11,0,629,65,0,0,74,0,11,0,6,12,0,0,0,58,0,43,36,0,0,18,0,0
"v3_Most_deprived_q11",595,28,270,0,239,7,74,335,5,172,111,86,108,80,49,39,0,13,0,561,61,0,0,61,0,10,0,8,8,0,0,0,32,0,46,16,0,0,26,0,0
"v4_Most_deprived_q11",578,32,253,0,257,5,76,420,0,211,105,102,96,101,65,46,0,12,0,573,69,6,0,65,0,9,0,0,13,0,0,0,71,0,42,37,0,0,42,0,0
"v3_Most_deprived_q12",596,27,266,0,252,0,79,377,0,176,113,68,127,81,70,41,0,10,0,580,70,0,0,73,0,7,0,6,11,0,0,0,24,0,53,18,0,0,30,0,0
"v4_Most_deprived_q12",655,31,293,0,246,5,69,414,0,203,137,93,106,93,57,39,0,20,0,647,74,5,0,63,0,0,0,7,8,0,6,0,60,5,58,47,0,0,42,0,0
"v3_Most_deprived_q13",352,15,141,0,156,0,38,171,0,115,72,52,60,38,35,29,0,5,0,338,33,0,0,25,0,0,0,0,6,0,0,0,7,0,37,14,0,0,18,0,0
"v4_Most_deprived_q13",476,21,215,0,192,0,64,262,6,169,86,80,83,68,40,23,0,9,0,504,50,0,0,56,0,6,0,5,8,0,0,0,38,0,38,22,0,0,30,0,6
"v3_Most_deprived_q14",431,15,140,0,179,5,73,249,0,134,76,69,68,32,33,28,0,9,0,427,51,0,0,30,0,5,0,0,8,0,0,0,6,0,29,13,0,0,15,0,0
"v4_Most_deprived_q14",404,16,186,0,164,0,62,250,0,147,86,58,69,83,34,27,0,0,0,462,43,5,0,52,0,8,0,0,8,0,0,0,25,0,56,24,0,0,31,0,0
"v3_Most_deprived_q15",246,10,87,0,111,0,39,149,0,82,50,50,31,22,28,17,0,0,0,255,37,0,0,15,0,0,0,0,0,0,0,0,8,0,19,7,0,0,13,0,0
"v4_Most_deprived_q15",291,14,118,0,134,0,39,184,0,113,63,47,53,54,39,23,0,7,0,296,33,0,0,41,0,7,0,0,6,0,0,0,9,0,37,0,0,0,24,0,0
"v3_Most_deprived_q16",289,13,99,0,113,0,42,135,0,74,46,57,34,22,28,19,0,0,0,291,37,0,0,16,0,0,0,0,0,0,0,0,5,0,10,0,0,0,11,0,0
"v4_Most_deprived_q16",266,13,109,0,138,0,58,169,0,110,58,60,37,58,27,28,0,6,0,327,37,0,0,31,0,0,0,5,0,0,6,0,0,0,53,10,0,0,21,0,0
"v3_Most_deprived_q17",235,5,64,0,114,0,50,131,0,86,37,75,27,15,28,15,0,8,0,245,27,0,0,19,0,0,0,0,5,0,0,0,5,0,16,0,0,0,9,0,0
"v4_Most_deprived_q17",220,7,76,0,84,0,39,112,0,88,41,48,26,36,19,18,0,8,0,259,34,0,0,20,0,0,0,0,0,0,0,0,8,0,40,7,0,0,9,0,0
"v3_Most_deprived_q18",96,0,17,0,40,0,16,59,0,24,13,27,14,6,12,11,0,0,0,85,13,0,0,0,0,0,0,0,0,0,0,0,0,0,0,0,0,0,0,0,0
"v4_Most_deprived_q18",241,11,72,0,108,0,43,110,0,64,39,55,22,30,19,15,0,8,0,277,31,0,0,22,0,0,0,0,0,0,0,0,7,0,39,0,0,0,13,0,0
"v3_Most_deprived_q19",42,0,5,0,27,0,9,26,0,12,9,5,7,0,0,0,0,0,0,44,9,0,0,0,0,0,0,0,0,0,0,0,0,0,0,0,0,0,0,0,0
"v4_Most_deprived_q19",108,0,38,0,45,0,24,64,0,29,17,27,13,13,11,10,0,0,0,135,7,0,0,6,0,0,0,0,0,0,0,0,0,0,16,0,0,0,8,0,0
"v3_Most_deprived_q20",0,0,0,0,0,0,0,0,0,0,0,0,0,0,0,0,0,0,0,0,0,0,0,0,0,0,0,0,0,0,0,0,0,0,0,0,0,0,0,0,0
"v4_Most_deprived_q20",98,0,14,0,49,0,25,34,0,17,7,18,11,0,6,6,0,0,0,96,7,0,0,0,0,0,0,0,0,0,0,0,0,0,0,0,0,0,5,0,0
"v3_Least_deprived_q1",2705,94,1067,22,1648,77,156,2640,103,875,899,126,475,318,318,304,208,81,0,1068,462,0,0,61,0,0,0,5,38,0,0,0,0,0,14,0,0,0,5,0,0
"v4_Least_deprived_q1",2849,91,1087,24,1712,81,146,2683,111,920,892,121,517,314,329,304,239,83,0,1124,504,0,0,57,0,0,0,0,41,0,0,0,0,0,12,0,0,0,0,0,0
"v3_Least_deprived_q2",2043,72,974,10,1073,46,100,1312,56,554,635,75,396,321,234,199,80,57,0,995,299,0,0,88,0,10,0,0,22,0,0,0,7,0,34,22,0,0,6,0,5
"v4_Least_deprived_q2",1958,70,1017,6,1021,47,108,1314,48,476,670,62,372,285,231,180,53,54,0,917,267,0,0,96,0,12,0,0,15,0,0,0,0,0,27,5,0,0,0,0,0
"v3_Least_deprived_q3",1385,79,895,0,696,36,116,916,25,351,438,84,292,274,165,121,16,38,0,862,183,0,0,94,0,8,0,0,14,0,0,0,33,0,65,31,0,0,6,0,0
"v4_Least_deprived_q3",1109,58,713,0,527,27,87,722,24,313,328,71,219,165,122,102,11,31,0,685,123,0,0,64,0,0,0,0,14,0,0,0,8,0,35,7,0,0,7,0,0
"v3_Least_deprived_q4",716,35,471,0,303,13,61,455,8,208,198,39,148,130,66,62,5,13,0,418,73,0,0,75,0,0,0,0,6,0,0,0,25,0,52,20,0,0,17,0,0
"v4_Least_deprived_q4",770,35,508,0,354,15,46,479,9,194,199,38,177,120,80,69,7,12,0,442,82,0,0,47,0,5,0,0,7,0,0,0,10,0,30,8,0,0,6,0,0
"v3_Least_deprived_q5",742,28,454,0,335,12,56,546,15,222,157,55,174,139,75,81,0,20,0,460,64,9,0,103,0,0,0,0,5,0,0,0,53,0,51,56,0,0,25,0,0
"v4_Least_deprived_q5",625,35,397,0,287,10,49,413,11,185,156,45,145,110,71,60,0,14,0,342,83,0,0,57,0,0,0,0,5,0,0,0,19,0,38,12,0,0,11,0,0
"v3_Least_deprived_q6",732,44,465,0,276,8,48,549,7,226,150,65,136,153,78,39,0,18,0,459,88,18,0,130,0,5,0,0,0,0,0,0,97,0,78,66,0,0,49,0,0
"v4_Least_deprived_q6",536,33,292,0,208,12,38,371,0,143,130,36,102,93,51,37,0,12,0,340,47,0,0,65,0,0,0,0,0,0,0,0,16,0,32,24,0,0,11,0,0
"v3_Least_deprived_q7",508,28,297,0,184,8,41,350,0,163,103,59,70,82,48,39,0,11,0,338,53,7,0,89,0,0,0,0,0,0,5,0,53,0,64,52,0,0,28,0,0
"v4_Least_deprived_q7",426,20,272,0,186,0,40,279,8,136,87,45,76,84,47,35,0,15,0,261,38,0,0,68,0,0,0,0,0,0,0,0,29,0,25,22,0,0,18,0,0
"v3_Least_deprived_q8",296,13,193,0,132,6,29,230,6,104,66,34,58,70,27,28,0,7,0,244,29,8,0,60,0,5,0,0,0,0,5,0,47,0,38,32,0,0,25,0,0
"v4_Least_deprived_q8",376,20,221,0,142,10,33,292,0,127,86,45,65,64,34,26,0,6,0,287,40,0,0,58,0,0,0,5,0,0,0,0,35,0,30,37,0,0,18,0,0
"v3_Least_deprived_q9",332,12,209,0,130,0,32,245,0,120,69,36,66,71,33,18,0,9,0,235,33,0,0,80,0,13,0,7,0,0,8,0,48,0,47,29,0,0,29,0,0
"v4_Least_deprived_q9",332,15,197,0,140,0,32,282,5,114,72,34,56,75,35,25,0,11,0,260,48,0,0,74,0,0,0,0,0,0,6,0,68,0,39,47,0,0,18,0,0
"v3_Least_deprived_q10",240,21,172,0,97,5,47,176,0,106,52,22,51,40,32,23,0,14,0,219,29,5,0,62,0,0,0,0,0,0,0,0,42,0,38,30,0,0,20,0,0
"v4_Least_deprived_q10",285,17,177,0,130,0,37,215,0,120,56,32,58,71,27,15,0,12,0,225,38,11,0,73,0,8,0,0,0,0,0,0,75,0,29,55,0,0,25,0,0
"v3_Least_deprived_q11",204,13,94,0,83,0,26,128,0,72,36,15,26,48,16,17,0,5,0,149,18,5,0,48,0,5,0,0,0,0,0,0,19,0,35,20,0,0,16,0,0
"v4_Least_deprived_q11",235,11,155,0,95,0,38,195,0,94,47,29,37,54,33,20,0,7,0,229,24,10,0,69,0,5,0,5,0,0,0,0,63,0,48,71,0,0,24,0,0
"v3_Least_deprived_q12",170,11,71,0,77,0,24,111,0,86,38,17,20,23,17,8,0,8,0,167,16,0,0,34,0,0,0,0,0,0,0,0,14,0,21,11,0,0,18,0,0
"v4_Least_deprived_q12",273,19,141,0,99,0,34,188,5,123,49,28,41,51,23,28,0,5,0,196,32,7,0,90,0,7,0,0,0,0,0,0,57,0,53,45,0,0,35,0,0
"v3_Least_deprived_q13",86,8,49,0,27,0,12,48,0,45,19,14,19,13,13,9,0,0,0,81,7,0,0,26,0,0,0,0,0,0,0,0,0,0,14,8,0,0,0,0,0
"v4_Least_deprived_q13",164,10,99,0,69,0,32,130,0,80,41,23,33,48,21,18,0,11,0,152,15,10,0,52,0,0,0,0,0,0,7,0,42,0,34,31,0,0,23,0,0
"v3_Least_deprived_q14",89,5,47,0,50,0,14,59,0,42,23,9,18,28,5,9,0,0,0,82,9,0,0,14,0,0,0,0,0,0,0,0,11,0,9,8,0,0,6,0,0
"v4_Least_deprived_q14",148,8,81,0,62,0,20,97,0,52,23,12,20,49,11,15,0,7,0,127,9,5,0,42,0,0,0,6,0,0,0,0,16,0,27,14,0,0,19,0,0
"v3_Least_deprived_q15",57,0,15,0,17,0,0,23,0,23,17,5,5,5,5,7,0,0,0,53,8,0,0,7,0,0,0,0,0,0,0,0,0,0,8,0,0,0,0,0,0
"v4_Least_deprived_q15",85,7,54,0,41,0,14,65,0,52,26,18,18,32,5,9,0,0,0,100,8,0,0,24,0,0,0,0,0,0,0,0,9,0,29,6,0,0,19,0,0
"v3_Least_deprived_q16",45,0,18,0,24,0,6,23,0,17,10,0,8,11,7,0,0,0,0,39,0,0,0,6,0,0,0,0,0,0,0,0,0,0,0,0,0,0,5,0,0
"v4_Least_deprived_q16",71,6,37,0,33,0,6,53,0,38,18,11,14,41,12,7,0,0,0,89,8,0,0,18,0,0,0,0,0,0,0,0,0,0,27,0,0,0,9,0,0
"v3_Least_deprived_q17",19,0,7,0,9,0,0,15,0,7,9,0,0,0,8,0,0,0,0,33,0,0,0,0,0,0,0,0,0,0,0,0,0,0,0,0,0,0,0,0,0
"v4_Least_deprived_q17",63,7,26,0,30,0,11,22,0,29,20,5,8,24,9,5,0,0,0,55,5,0,0,12,0,0,0,0,0,0,0,0,0,0,25,0,0,0,9,0,0
"v3_Least_deprived_q18",0,0,0,0,0,0,0,0,0,0,0,0,0,0,0,0,0,0,0,6,0,0,0,0,0,0,0,0,0,0,0,0,0,0,0,0,0,0,0,0,0
"v4_Least_deprived_q18",51,0,16,0,12,0,0,20,0,18,18,0,8,33,6,9,0,0,0,45,0,0,0,10,0,0,0,0,0,0,0,0,0,0,22,0,0,0,6,0,0
"v3_Least_deprived_q19",0,0,0,0,0,0,0,0,0,0,0,0,0,0,0,0,0,0,0,0,0,0,0,0,0,0,0,0,0,0,0,0,0,0,0,0,0,0,0,0,0
"v4_Least_deprived_q19",14,0,6,0,9,0,0,6,0,0,0,0,0,12,0,0,0,0,0,22,0,0,0,0,0,0,0,0,0,0,0,0,0,0,9,0,0,0,0,0,0
"v3_Least_deprived_q20",0,0,0,0,0,0,0,0,0,0,0,0,0,0,0,0,0,0,0,0,0,0,0,0,0,0,0,0,0,0,0,0,0,0,0,0,0,0,0,0,0
"v4_Least_deprived_q20",6,0,0,0,9,0,0,0,0,6,0,0,0,0,0,0,0,0,0,11,0,0,0,0,0,0,0,0,0,0,0,0,0,0,0,0,0,0,0,0,0
"v3_O65_q1",1262,57,1339,0,844,49,58,1032,54,365,165,71,236,414,171,145,0,30,0,598,161,7,0,173,0,11,0,5,8,0,0,0,10,0,46,11,0,0,17,0,0
"v4_O65_q1",957,41,925,0,614,34,38,795,44,241,137,31,190,309,136,109,0,22,0,365,123,0,0,99,0,6,0,0,8,0,0,0,5,0,26,0,0,0,9,0,0
"v3_O65_q2",3155,197,2831,0,1750,63,248,2290,96,920,568,178,730,961,381,314,0,68,0,1797,365,7,0,389,0,32,0,15,26,0,8,5,35,0,123,58,0,0,52,0,16
"v4_O65_q2",3245,181,3144,0,1907,85,238,2404,107,912,519,160,755,902,389,293,0,64,0,1493,369,8,0,398,0,28,0,15,16,0,7,0,15,0,109,17,0,0,28,0,17
"v3_O65_q3",4000,242,3616,0,2113,79,360,2838,92,1201,686,288,894,995,497,357,0,80,0,2491,435,9,0,504,0,27,0,24,16,0,9,0,92,0,249,131,0,0,73,0,21
"v4_O65_q3",3133,177,2873,0,1643,65,249,2138,84,918,549,197,730,731,356,274,0,62,0,1747,304,6,0,362,0,16,0,14,12,0,0,0,25,5,141,22,0,0,45,0,10
"v3_O65_q4",2618,154,2184,0,1261,46,258,1890,56,836,459,196,576,612,237,225,0,50,0,1841,234,6,0,349,0,11,0,15,9,0,0,0,91,5,188,122,0,0,74,0,12
"v4_O65_q4",2783,149,2422,0,1314,51,212,1878,57,811,411,167,621,581,282,244,0,50,0,1744,262,0,0,294,0,13,0,15,12,0,7,0,27,0,125,41,0,0,43,0,0
"v3_O65_q5",3114,154,2471,0,1367,38,257,2354,52,1030,525,255,723,733,332,261,0,66,0,2255,251,21,0,495,0,25,0,20,12,0,20,6,223,7,265,192,0,0,131,0,7
"v4_O65_q5",2551,143,2188,0,1200,37,236,1865,47,816,433,191,600,521,284,187,0,51,0,1771,239,0,0,332,0,14,0,12,11,0,6,5,63,0,142,66,0,0,67,0,5
"v3_O65_q6",3297,185,2451,0,1344,43,262,2486,49,1134,553,332,700,660,295,220,0,66,0,2602,306,49,0,606,0,30,0,34,9,0,31,13,420,14,333,282,0,0,187,6,9
"v4_O65_q6",2372,149,1712,0,1022,28,213,1655,37,750,425,197,528,483,228,184,0,41,0,1711,188,14,0,310,0,21,0,21,10,0,5,0,59,6,134,87,0,0,54,0,12
"v3_O65_q7",2464,141,1805,0,990,15,204,1723,33,843,429,228,453,453,209,173,0,50,0,2013,233,35,0,464,0,22,0,18,8,0,19,7,325,8,238,236,0,0,164,0,13
"v4_O65_q7",2066,113,1534,0,886,24,166,1463,37,684,341,201,420,367,201,147,0,42,0,1600,180,9,0,278,0,8,0,12,7,0,18,0,138,0,128,118,0,0,81,0,5
"v3_O65_q8",1581,105,1208,0,661,15,166,1168,19,605,292,170,343,319,136,129,0,25,0,1495,176,23,0,340,0,20,0,17,0,0,21,11,217,9,187,157,0,0,118,0,9
"v4_O65_q8",1887,96,1346,0,752,22,160,1465,15,690,331,196,389,353,165,138,0,35,0,1689,186,8,0,317,0,16,0,13,7,0,14,5,177,8,130,161,0,0,98,0,9
"v3_O65_q9",1803,94,1209,0,760,13,157,1234,12,764,331,186,390,324,151,115,0,54,0,1716,177,26,0,364,0,33,0,18,8,0,32,10,250,7,221,153,0,0,161,0,11
"v4_O65_q9",1876,102,1335,0,743,14,179,1374,21,676,337,220,379,341,158,136,0,41,0,1696,183,16,0,362,0,26,0,20,8,0,18,7,300,7,175,238,0,0,110,0,7
"v3_O65_q10",1501,75,1031,0,613,23,142,1040,17,600,253,158,284,251,130,121,0,36,0,1511,128,18,0,310,0,22,0,25,0,0,14,6,201,8,208,128,0,0,131,0,11
"v4_O65_q10",1594,100,1105,0,691,14,163,1133,14,658,281,194,321,283,147,103,0,35,0,1565,164,33,0,342,0,22,0,20,0,0,20,12,328,8,169,232,0,0,139,0,0
"v3_O65_q11",1227,71,788,0,482,5,118,785,15,490,209,124,238,210,95,80,0,34,0,1281,102,20,0,238,0,24,0,21,0,0,19,0,128,7,157,94,0,0,121,0,9
"v4_O65_q11",1372,70,911,0,553,7,130,1062,9,553,232,156,253,280,128,103,0,40,0,1454,123,37,0,363,0,19,0,20,0,0,20,6,311,8,185,234,0,0,145,0,11
"v3_O65_q12",1092,63,684,0,405,0,101,678,9,468,206,98,196,163,104,77,0,27,0,1241,105,7,0,252,0,17,0,22,0,0,22,0,110,6,138,73,0,0,120,0,9
"v4_O65_q12",1480,93,941,0,535,8,158,1017,13,653,299,159,252,269,130,116,0,34,0,1633,171,35,0,400,0,27,0,27,0,0,30,10,325,12,222,221,0,0,187,0,10
"v3_O65_q13",546,29,358,0,215,0,66,340,7,256,110,54,114,85,58,47,0,10,0,696,59,0,0,111,0,9,0,12,0,0,8,0,39,0,97,44,0,0,45,0,0
"v4_O65_q13",1032,61,700,0,439,0,109,692,12,462,190,124,209,214,104,91,0,37,0,1210,110,27,0,289,0,17,0,18,5,0,16,6,193,8,157,142,0,0,129,0,16
"v3_O65_q14",636,34,409,0,265,0,71,340,0,270,132,58,116,112,52,42,0,20,0,823,64,0,0,99,0,7,0,17,0,0,9,7,49,0,84,38,0,0,46,0,0
"v4_O65_q14",852,51,570,0,338,0,90,625,11,423,188,86,153,188,66,64,0,19,0,1078,92,18,0,218,0,21,0,23,0,0,15,10,126,0,179,87,0,0,113,0,13
"v3_O65_q15",350,23,195,0,132,0,37,176,0,137,69,35,55,43,36,23,0,6,0,459,53,0,0,41,0,7,0,5,0,0,5,0,20,0,45,21,0,0,34,0,0
"v4_O65_q15",593,33,384,0,219,0,55,380,0,286,127,69,109,168,48,47,0,21,0,762,54,8,0,143,0,19,0,15,0,0,17,5,53,0,153,29,0,0,101,0,9
"v3_O65_q16",302,18,177,0,107,0,40,130,0,128,54,32,42,43,23,19,0,0,0,444,37,0,0,37,0,5,0,5,0,0,7,0,9,0,25,7,0,0,32,0,0
"v4_O65_q16",513,27,291,0,204,0,66,260,0,244,105,50,85,173,45,47,0,14,0,747,75,0,0,128,0,16,0,9,0,0,16,0,38,0,167,26,0,0,60,0,0
"v3_O65_q17",170,8,100,0,60,0,21,64,0,85,30,31,22,18,11,16,0,0,0,289,17,0,0,26,0,0,0,0,0,0,0,0,6,0,13,5,0,0,18,0,0
"v4_O65_q17",387,39,224,0,138,0,52,180,0,195,74,46,60,115,27,30,0,8,0,537,37,0,0,75,0,0,0,9,0,0,7,0,28,0,125,19,0,0,52,0,0
"v3_O65_q18",39,0,34,0,13,0,8,26,0,19,11,0,6,8,0,0,0,0,0,76,8,0,0,0,0,0,0,0,0,0,0,0,0,0,0,0,0,0,0,0,0
"v4_O65_q18",315,18,179,0,126,0,40,144,0,119,72,36,52,82,17,37,0,7,0,529,35,0,0,69,0,9,0,9,0,0,10,0,12,0,115,7,0,0,39,0,0
"v3_O65_q19",18,0,5,0,7,0,0,0,0,6,0,0,0,0,0,0,0,0,0,30,5,0,0,0,0,0,0,0,0,0,0,0,0,0,0,0,0,0,0,0,0
"v4_O65_q19",110,7,80,0,45,0,16,51,0,43,28,11,11,38,9,10,0,0,0,199,13,0,0,18,0,5,0,0,0,0,0,0,0,0,33,0,0,0,19,0,0
"v3_O65_q20",0,0,0,0,0,0,0,0,0,0,0,0,0,0,0,0,0,0,0,0,0,0,0,0,0,0,0,0,0,0,0,0,0,0,0,0,0,0,0,0,0
"v4_O65_q20",57,0,31,0,20,0,6,17,0,23,7,10,0,9,0,9,0,0,0,128,8,0,0,7,0,0,0,0,0,0,0,0,0,0,7,0,0,0,9,0,0
"v3_U25_q1",4537,186,311,54,1833,141,324,6853,78,1495,2945,335,634,69,365,430,317,265,0,2713,797,6,0,0,0,0,0,0,54,0,0,0,0,0,0,0,0,0,0,0,6
"v4_U25_q1",4006,169,276,51,1720,117,285,6254,77,1348,2511,288,566,71,328,374,318,224,0,2506,733,7,0,0,0,0,0,0,53,0,0,0,0,0,0,0,0,0,0,0,6
"v3_U25_q2",2763,70,120,26,882,83,225,2754,37,764,2126,148,317,33,242,215,227,185,0,2362,403,0,0,0,0,0,0,0,33,0,0,0,0,0,0,0,0,0,0,0,0
"v4_U25_q2",2754,68,132,21,858,105,177,2962,35,745,2278,152,328,22,226,227,181,192,0,2227,426,0,0,0,0,0,0,0,28,0,0,0,0,0,0,0,0,0,0,0,0
"v3_U25_q3",1553,42,37,15,373,80,188,1093,18,331,1552,58,136,26,127,109,66,106,0,1904,195,0,0,0,0,0,0,0,7,0,0,0,0,0,0,0,0,0,0,0,0
"v4_U25_q3",1571,41,47,14,353,67,142,1188,13,353,1521,63,122,21,128,108,70,97,0,1861,176,0,0,0,0,0,0,0,5,0,0,0,0,0,0,0,0,0,0,0,0
"v3_U25_q4",497,16,18,6,136,17,74,327,0,99,485,25,36,11,49,40,18,19,0,625,52,0,0,0,0,0,0,0,0,0,0,0,0,0,0,0,0,0,0,0,0
"v4_U25_q4",689,16,20,11,191,26,100,499,9,170,638,43,74,10,69,44,38,40,0,785,89,0,0,0,0,0,0,0,5,0,0,0,0,0,0,0,0,0,0,0,0
"v3_U25_q5",412,7,15,7,110,15,72,248,5,102,340,21,36,5,36,31,17,26,0,461,52,0,0,0,0,0,0,0,0,0,0,0,0,0,0,0,0,0,0,0,0
"v4_U25_q5",473,14,18,6,129,16,73,277,0,106,393,30,36,9,42,44,29,27,0,543,64,0,0,0,0,0,0,0,5,0,0,0,0,0,0,0,0,0,0,0,0
"v3_U25_q6",330,12,14,5,81,8,67,172,0,76,252,13,19,9,36,29,7,22,0,357,23,0,0,0,0,0,0,0,0,0,0,0,0,0,0,0,0,0,0,0,0
"v4_U25_q6",369,8,12,0,89,8,69,200,0,89,266,13,26,5,37,27,17,22,0,331,22,0,0,0,0,0,0,0,0,0,0,0,0,0,0,0,0,0,0,0,0
"v3_U25_q7",201,10,7,0,66,10,48,103,0,49,144,7,11,7,25,17,7,0,0,187,13,0,0,0,0,0,0,0,0,0,0,0,0,0,0,0,0,0,0,0,0
"v4_U25_q7",250,5,9,0,69,8,65,124,0,43,183,13,22,0,30,29,0,13,0,231,16,0,0,0,0,0,0,0,0,0,0,0,0,0,0,0,0,0,0,0,0
"v3_U25_q8",98,0,0,0,33,5,32,57,0,18,91,0,9,7,21,12,5,7,0,106,11,0,0,0,0,0,0,0,0,0,0,0,0,0,0,0,0,0,0,0,0
"v4_U25_q8",205,8,0,0,52,7,53,97,0,45,135,7,9,0,25,17,0,7,0,161,18,0,0,0,0,0,0,0,0,0,0,0,0,0,0,0,0,0,0,0,0
"v3_U25_q9",106,0,0,0,38,0,31,70,0,24,97,8,12,0,14,7,0,6,0,112,8,0,0,0,0,0,0,0,0,0,0,0,0,0,0,0,0,0,0,0,0
"v4_U25_q9",140,6,8,0,54,8,44,61,0,45,107,10,9,0,19,15,0,13,0,156,13,0,0,0,0,0,0,0,0,0,0,0,0,0,0,0,0,0,0,0,0
"v3_U25_q10",98,7,0,0,28,0,37,47,0,20,81,0,8,6,15,8,0,6,0,106,10,0,0,0,0,0,0,0,0,0,0,0,0,0,0,0,0,0,0,0,0
"v4_U25_q10",106,5,0,0,37,0,36,64,0,26,66,0,18,0,17,14,0,11,0,98,0,0,0,0,0,0,0,0,0,0,0,0,0,0,0,0,0,0,0,0,0
"v3_U25_q11",77,0,0,0,21,0,27,40,0,21,49,0,6,6,12,11,0,7,0,80,5,0,0,0,0,0,0,0,0,0,0,0,0,0,0,0,0,0,0,0,0
"v4_U25_q11",56,6,0,0,31,0,37,55,0,22,50,0,0,0,21,0,0,5,0,89,7,0,0,0,0,0,0,0,0,0,0,0,0,0,0,0,0,0,0,0,0
"v3_U25_q12",104,7,0,0,30,0,39,47,0,17,50,0,6,5,23,0,0,6,0,89,0,0,0,0,0,0,0,0,0,0,0,0,0,0,0,0,0,0,0,0,0
"v4_U25_q12",97,0,0,0,38,0,33,34,0,18,52,7,11,0,12,11,0,0,0,78,0,0,0,0,0,0,0,0,0,0,0,0,0,0,0,0,0,0,0,0,0
"v3_U25_q13",51,0,0,0,15,0,19,22,0,7,28,0,0,0,11,8,0,0,0,61,0,0,0,0,0,0,0,0,0,0,0,0,0,0,0,0,0,0,0,0,0
"v4_U25_q13",70,5,0,0,20,0,29,27,0,16,30,0,5,5,17,0,0,0,0,63,5,0,0,0,0,0,0,0,0,0,0,0,0,0,0,0,0,0,0,0,0
"v3_U25_q14",68,8,0,0,24,0,21,38,0,14,28,0,0,0,11,9,0,0,0,69,0,0,0,0,0,0,0,0,0,0,0,0,0,0,0,0,0,0,0,0,0
"v4_U25_q14",49,0,0,0,17,0,24,16,0,0,24,0,0,10,7,6,0,0,0,61,0,0,0,0,0,0,0,0,0,0,0,0,0,0,0,0,0,0,0,0,0
"v3_U25_q15",34,0,0,0,12,0,16,29,0,0,24,0,5,0,10,0,0,0,0,33,0,0,0,0,0,0,0,0,0,0,0,0,0,0,0,0,0,0,0,0,0
"v4_U25_q15",52,7,0,0,13,0,15,13,0,5,26,0,5,5,16,6,0,0,0,31,6,0,0,0,0,0,0,0,0,0,0,0,0,0,0,0,0,0,0,0,0
"v3_U25_q16",43,0,0,0,11,0,15,18,0,11,21,5,0,0,10,0,0,0,0,41,0,0,0,0,0,0,0,0,0,0,0,0,0,0,0,0,0,0,0,0,0
"v4_U25_q16",39,6,0,0,9,0,17,24,0,8,17,0,0,7,7,5,0,0,0,43,0,0,0,0,0,0,0,0,0,0,0,0,0,0,0,0,0,0,0,0,0
"v3_U25_q17",29,0,0,0,6,0,14,13,0,5,16,0,0,0,14,0,0,0,0,34,0,0,0,0,0,0,0,0,0,0,0,0,0,0,0,0,0,0,0,0,0
"v4_U25_q17",30,6,0,0,8,0,19,16,0,9,16,0,0,0,10,6,0,0,0,38,0,0,0,0,0,0,0,0,0,0,0,0,0,0,0,0,0,0,0,0,0
"v3_U25_q18",13,0,0,0,8,0,5,6,0,0,0,0,0,0,6,0,0,0,0,19,0,0,0,0,0,0,0,0,0,0,0,0,0,0,0,0,0,0,0,0,0
"v4_U25_q18",34,0,0,0,9,0,18,14,0,7,14,0,0,8,10,0,0,0,0,41,0,0,0,0,0,0,0,0,0,0,0,0,0,0,0,0,0,0,0,0,0
"v3_U25_q19",12,0,0,0,0,0,0,0,0,0,0,0,0,0,5,0,0,0,0,11,0,0,0,0,0,0,0,0,0,0,0,0,0,0,0,0,0,0,0,0,0
"v4_U25_q19",20,0,0,0,7,0,8,10,0,0,7,0,0,0,6,0,0,0,0,18,0,0,0,0,0,0,0,0,0,0,0,0,0,0,0,0,0,0,0,0,0
"v3_U25_q20",0,0,0,0,0,0,0,0,0,0,0,0,0,0,0,0,0,0,0,0,0,0,0,0,0,0,0,0,0,0,0,0,0,0,0,0,0,0,0,0,0
"v4_U25_q20",17,0,0,0,5,0,10,0,0,0,0,0,0,0,5,0,0,0,0,9,0,0,0,0,0,0,0,0,0,0,0,0,0,0,0,0,0,0,0,0,0
"v3_White_q1",11136,347,3624,67,6301,272,561,12238,326,3690,3549,736,1936,449,1168,1170,1031,360,0,4423,1947,0,0,0,0,0,0,0,0,0,0,0,0,0,0,0,0,0,0,0,0
"v4_White_q1",11188,341,3463,62,6401,268,531,11952,325,3654,3314,649,2033,463,1206,1139,1097,335,0,4362,1999,0,0,0,0,0,0,0,0,0,0,0,0,0,0,0,0,0,0,0,0
"v3_White_q2",12202,312,4447,47,6065,267,736,9233,250,3431,3277,842,2476,410,1411,1176,647,329,0,5215,1933,0,0,0,0,0,0,0,0,0,0,0,0,0,0,0,0,0,0,0,0
"v4_White_q2",11577,289,4586,45,5811,284,630,8796,256,3205,3204,673,2324,339,1321,1082,528,300,0,4784,1820,0,0,0,0,0,0,0,0,0,0,0,0,0,0,0,0,0,0,0,0
"v3_White_q3",7747,220,3255,25,3692,196,619,4947,159,1941,2298,523,1517,245,876,652,199,214,0,4067,1099,0,0,0,0,0,0,0,0,0,0,0,0,0,0,0,0,0,0,0,0
"v4_White_q3",6946,183,2873,23,3137,152,479,4432,139,1799,2120,482,1328,186,746,579,183,186,0,3568,872,0,0,0,0,0,0,0,0,0,0,0,0,0,0,0,0,0,0,0,0
"v3_White_q4",3296,95,1507,12,1580,51,279,1990,60,812,854,246,715,95,365,305,54,66,0,1764,422,0,0,0,0,0,0,0,0,0,0,0,0,0,0,0,0,0,0,0,0
"v4_White_q4",4272,122,1823,18,2001,85,361,2691,74,1026,1088,339,893,93,486,404,94,99,0,2205,542,0,0,0,0,0,0,0,0,0,0,0,0,0,0,0,0,0,0,0,0
"v3_White_q5",3152,78,1333,13,1358,52,277,1846,65,800,705,251,661,70,341,299,40,79,0,1563,370,0,0,0,0,0,0,0,0,0,0,0,0,0,0,0,0,0,0,0,0
"v4_White_q5",3182,76,1362,7,1457,54,282,1920,50,804,757,268,650,81,367,280,68,78,0,1703,441,0,0,0,0,0,0,0,0,0,0,0,0,0,0,0,0,0,0,0,0
"v3_White_q6",2740,72,1118,5,1183,50,211,1469,36,694,569,226,549,83,317,218,24,60,0,1430,284,0,0,0,0,0,0,0,0,0,0,0,0,0,0,0,0,0,0,0,0
"v4_White_q6",2502,68,941,6,1079,34,211,1324,32,616,552,194,463,69,261,209,30,56,0,1240,275,0,0,0,0,0,0,0,0,0,0,0,0,0,0,0,0,0,0,0,0
"v3_White_q7",1713,39,718,0,740,27,159,910,19,452,353,168,281,38,180,134,21,32,0,928,201,0,0,0,0,0,0,0,0,0,0,0,0,0,0,0,0,0,0,0,0
"v4_White_q7",1710,43,682,0,742,31,183,939,21,415,398,171,338,42,192,157,12,43,0,944,192,0,0,0,0,0,0,0,0,0,0,0,0,0,0,0,0,0,0,0,0
"v3_White_q8",1036,30,438,7,453,17,117,582,8,258,221,105,233,25,115,90,8,15,0,619,131,0,0,0,0,0,0,0,0,0,0,0,0,0,0,0,0,0,0,0,0
"v4_White_q8",1405,44,548,5,572,26,154,837,19,396,302,190,267,35,150,133,9,27,0,806,158,0,0,0,0,0,0,0,0,0,0,0,0,0,0,0,0,0,0,0,0
"v3_White_q9",1052,29,407,0,487,13,123,592,10,277,227,127,210,17,114,82,8,38,0,584,113,0,0,0,0,0,0,0,0,0,0,0,0,0,0,0,0,0,0,0,0
"v4_White_q9",1119,28,445,6,538,15,147,688,11,302,253,148,256,44,139,102,6,42,0,717,157,0,0,0,0,0,0,0,0,0,0,0,0,0,0,0,0,0,0,0,0
"v3_White_q10",862,29,295,0,363,16,108,470,6,220,183,106,175,25,96,70,0,20,0,486,104,0,0,0,0,0,0,0,0,0,0,0,0,0,0,0,0,0,0,0,0
"v4_White_q10",882,36,307,0,412,18,104,535,9,259,194,138,174,27,102,84,0,28,0,532,104,0,0,0,0,0,0,0,0,0,0,0,0,0,0,0,0,0,0,0,0
"v3_White_q11",700,22,242,0,303,13,77,376,9,158,128,95,150,13,78,61,0,15,0,415,70,0,0,0,0,0,0,0,0,0,0,0,0,0,0,0,0,0,0,0,0
"v4_White_q11",679,22,219,0,312,7,103,431,5,191,130,107,137,25,98,49,0,21,0,453,87,0,0,0,0,0,0,0,0,0,0,0,0,0,0,0,0,0,0,0,0
"v3_White_q12",715,24,207,0,324,7,103,376,6,163,139,81,127,15,96,47,0,24,0,406,66,0,0,0,0,0,0,0,0,0,0,0,0,0,0,0,0,0,0,0,0
"v4_White_q12",724,19,233,0,328,8,103,368,6,161,148,106,131,21,66,78,0,28,0,431,79,0,0,0,0,0,0,0,0,0,0,0,0,0,0,0,0,0,0,0,0
"v3_White_q13",394,0,92,0,173,0,58,153,0,101,74,66,72,0,39,39,0,6,0,243,48,0,0,0,0,0,0,0,0,0,0,0,0,0,0,0,0,0,0,0,0
"v4_White_q13",473,13,155,0,187,0,76,236,9,130,88,98,84,21,64,35,0,11,0,295,59,0,0,0,0,0,0,0,0,0,0,0,0,0,0,0,0,0,0,0,0
"v3_White_q14",480,11,105,0,206,7,68,232,5,110,75,73,68,10,47,45,0,12,0,271,56,0,0,0,0,0,0,0,0,0,0,0,0,0,0,0,0,0,0,0,0
"v4_White_q14",352,13,99,0,178,0,66,210,5,91,75,62,69,20,36,36,0,12,0,237,45,0,0,0,0,0,0,0,0,0,0,0,0,0,0,0,0,0,0,0,0
"v3_White_q15",274,12,57,0,136,0,45,132,0,66,55,48,41,6,28,24,0,11,0,151,35,0,0,0,0,0,0,0,0,0,0,0,0,0,0,0,0,0,0,0,0
"v4_White_q15",290,11,61,0,120,0,36,143,0,68,60,41,50,10,39,28,0,5,0,148,35,0,0,0,0,0,0,0,0,0,0,0,0,0,0,0,0,0,0,0,0
"v3_White_q16",309,6,59,0,128,0,38,142,0,69,53,71,40,0,35,24,0,0,0,169,28,0,0,0,0,0,0,0,0,0,0,0,0,0,0,0,0,0,0,0,0
"v4_White_q16",243,8,51,0,123,5,53,122,0,70,40,51,36,11,27,21,0,10,0,160,30,0,0,0,0,0,0,0,0,0,0,0,0,0,0,0,0,0,0,0,0
"v3_White_q17",217,7,38,0,109,0,37,117,0,57,29,82,30,0,38,15,0,10,0,142,23,0,0,0,0,0,0,0,0,0,0,0,0,0,0,0,0,0,0,0,0
"v4_White_q17",191,10,47,0,82,0,34,87,0,53,39,55,15,8,21,21,0,8,0,132,21,0,0,0,0,0,0,0,0,0,0,0,0,0,0,0,0,0,0,0,0
"v3_White_q18",78,0,11,0,35,0,11,55,0,16,15,25,13,0,13,11,0,0,0,57,8,0,0,0,0,0,0,0,0,0,0,0,0,0,0,0,0,0,0,0,0
"v4_White_q18",213,7,31,0,88,0,37,96,0,51,29,64,34,11,22,13,0,6,0,121,17,0,0,0,0,0,0,0,0,0,0,0,0,0,0,0,0,0,0,0,0
"v3_White_q19",38,0,0,0,19,0,0,26,0,12,0,5,6,0,5,0,0,0,0,17,0,0,0,0,0,0,0,0,0,0,0,0,0,0,0,0,0,0,0,0,0
"v4_White_q19",97,0,24,0,48,0,23,42,0,21,9,24,5,0,10,9,0,0,0,75,6,0,0,0,0,0,0,0,0,0,0,0,0,0,0,0,0,0,0,0,0
"v3_White_q20",0,0,0,0,0,0,0,0,0,0,0,0,0,0,0,0,0,0,0,0,0,0,0,0,0,0,0,0,0,0,0,0,0,0,0,0,0,0,0,0,0
"v4_White_q20",96,0,7,0,39,0,17,37,0,15,7,16,13,0,9,0,0,0,0,37,0,0,0,0,0,0,0,0,0,0,0,0,0,0,0,0,0,0,0,0,0
"v3_Nonwhite_q1",1958,73,636,10,1064,73,90,1899,59,634,811,108,357,91,206,289,169,75,0,894,356,0,0,0,0,0,0,0,0,0,0,0,0,0,0,0,0,0,0,0,0
"v4_Nonwhite_q1",2035,77,626,11,1114,71,87,1921,65,691,752,106,377,94,220,310,192,72,0,918,365,0,0,0,0,0,0,0,0,0,0,0,0,0,0,0,0,0,0,0,0
"v3_Nonwhite_q2",1406,60,496,6,656,24,68,877,31,382,569,52,263,41,147,196,67,67,0,785,211,0,0,0,0,0,0,0,0,0,0,0,0,0,0,0,0,0,0,0,0
"v4_Nonwhite_q2",1330,45,507,0,613,28,66,806,25,311,582,46,259,35,128,175,44,64,0,700,185,0,0,0,0,0,0,0,0,0,0,0,0,0,0,0,0,0,0,0,0
"v3_Nonwhite_q3",701,29,250,0,265,19,41,402,12,146,304,36,118,17,66,71,18,28,0,555,85,0,0,0,0,0,0,0,0,0,0,0,0,0,0,0,0,0,0,0,0
"v4_Nonwhite_q3",647,24,237,0,226,17,38,368,9,154,289,30,101,17,64,59,16,20,0,517,94,0,0,0,0,0,0,0,0,0,0,0,0,0,0,0,0,0,0,0,0
"v3_Nonwhite_q4",263,11,90,0,97,7,16,101,0,63,87,10,59,9,26,26,0,0,0,170,35,0,0,0,0,0,0,0,0,0,0,0,0,0,0,0,0,0,0,0,0
"v4_Nonwhite_q4",298,16,101,0,112,9,17,163,7,71,111,15,51,9,31,32,0,7,0,212,35,0,0,0,0,0,0,0,0,0,0,0,0,0,0,0,0,0,0,0,0
"v3_Nonwhite_q5",190,0,84,0,78,0,17,92,0,46,63,12,42,9,16,17,0,0,0,137,22,0,0,0,0,0,0,0,0,0,0,0,0,0,0,0,0,0,0,0,0
"v4_Nonwhite_q5",161,11,86,0,69,0,16,75,0,35,78,13,42,6,30,13,0,9,0,149,29,0,0,0,0,0,0,0,0,0,0,0,0,0,0,0,0,0,0,0,0
"v3_Nonwhite_q6",145,11,57,0,46,0,14,56,0,35,47,10,23,0,27,7,0,0,0,91,24,0,0,0,0,0,0,0,0,0,0,0,0,0,0,0,0,0,0,0,0
"v4_Nonwhite_q6",128,8,43,0,50,0,14,68,0,33,55,8,26,0,11,8,0,0,0,90,16,0,0,0,0,0,0,0,0,0,0,0,0,0,0,0,0,0,0,0,0
"v3_Nonwhite_q7",82,8,34,0,31,0,9,43,0,29,24,0,17,0,5,0,0,0,0,59,11,0,0,0,0,0,0,0,0,0,0,0,0,0,0,0,0,0,0,0,0
"v4_Nonwhite_q7",94,5,30,0,27,0,12,43,0,29,28,7,14,0,12,9,0,0,0,56,8,0,0,0,0,0,0,0,0,0,0,0,0,0,0,0,0,0,0,0,0
"v3_Nonwhite_q8",41,0,15,0,13,0,0,19,0,7,22,0,7,0,0,6,0,0,0,34,7,0,0,0,0,0,0,0,0,0,0,0,0,0,0,0,0,0,0,0,0
"v4_Nonwhite_q8",69,5,18,0,23,0,6,26,0,14,18,6,10,0,0,0,0,0,0,49,14,0,0,0,0,0,0,0,0,0,0,0,0,0,0,0,0,0,0,0,0
"v3_Nonwhite_q9",43,0,13,0,18,0,5,22,0,15,9,0,5,0,0,0,0,0,0,25,6,0,0,0,0,0,0,0,0,0,0,0,0,0,0,0,0,0,0,0,0
"v4_Nonwhite_q9",47,7,16,0,19,0,0,26,0,16,15,0,8,0,0,5,0,0,0,39,11,0,0,0,0,0,0,0,0,0,0,0,0,0,0,0,0,0,0,0,0
"v3_Nonwhite_q10",27,0,5,0,13,0,0,12,0,6,9,0,0,0,5,0,0,0,0,22,5,0,0,0,0,0,0,0,0,0,0,0,0,0,0,0,0,0,0,0,0
"v4_Nonwhite_q10",38,0,9,0,21,0,7,19,0,10,11,5,6,0,0,0,0,0,0,19,0,0,0,0,0,0,0,0,0,0,0,0,0,0,0,0,0,0,0,0,0
"v3_Nonwhite_q11",16,0,5,0,13,0,5,15,0,7,6,0,0,0,0,0,0,0,0,14,0,0,0,0,0,0,0,0,0,0,0,0,0,0,0,0,0,0,0,0,0
"v4_Nonwhite_q11",27,0,10,0,10,0,0,17,0,0,11,0,0,0,6,0,0,0,0,24,0,0,0,0,0,0,0,0,0,0,0,0,0,0,0,0,0,0,0,0,0
"v3_Nonwhite_q12",23,0,0,0,15,0,0,6,0,0,5,0,0,0,7,0,0,0,0,10,0,0,0,0,0,0,0,0,0,0,0,0,0,0,0,0,0,0,0,0,0
"v4_Nonwhite_q12",21,0,0,0,14,0,0,5,0,0,6,0,7,0,0,5,0,0,0,9,0,0,0,0,0,0,0,0,0,0,0,0,0,0,0,0,0,0,0,0,0
"v3_Nonwhite_q13",14,0,0,0,0,0,0,0,0,0,0,0,0,0,0,0,0,0,0,11,0,0,0,0,0,0,0,0,0,0,0,0,0,0,0,0,0,0,0,0,0
"v4_Nonwhite_q13",16,0,0,0,9,0,0,8,0,0,0,0,0,0,0,0,0,0,0,15,0,0,0,0,0,0,0,0,0,0,0,0,0,0,0,0,0,0,0,0,0
"v3_Nonwhite_q14",16,0,0,0,0,0,0,6,0,0,7,0,0,0,0,0,0,0,0,13,0,0,0,0,0,0,0,0,0,0,0,0,0,0,0,0,0,0,0,0,0
"v4_Nonwhite_q14",7,0,0,0,0,0,0,0,0,0,0,0,0,0,0,0,0,0,0,13,0,0,0,0,0,0,0,0,0,0,0,0,0,0,0,0,0,0,0,0,0
"v3_Nonwhite_q15",0,0,0,0,0,0,0,0,0,0,5,0,0,0,0,0,0,0,0,6,0,0,0,0,0,0,0,0,0,0,0,0,0,0,0,0,0,0,0,0,0
"v4_Nonwhite_q15",0,0,0,0,5,0,0,0,0,0,0,0,0,0,0,0,0,0,0,9,0,0,0,0,0,0,0,0,0,0,0,0,0,0,0,0,0,0,0,0,0
"v3_Nonwhite_q16",6,0,0,0,5,0,0,0,0,0,0,0,0,0,0,0,0,0,0,0,0,0,0,0,0,0,0,0,0,0,0,0,0,0,0,0,0,0,0,0,0
"v4_Nonwhite_q16",6,0,0,0,5,0,0,0,0,0,0,0,0,0,0,0,0,0,0,6,0,0,0,0,0,0,0,0,0,0,0,0,0,0,0,0,0,0,0,0,0
"v3_Nonwhite_q17",0,0,0,0,0,0,0,0,0,0,0,0,0,0,0,0,0,0,0,5,0,0,0,0,0,0,0,0,0,0,0,0,0,0,0,0,0,0,0,0,0
"v4_Nonwhite_q17",6,0,0,0,0,0,0,0,0,0,0,0,0,0,0,0,0,0,0,0,0,0,0,0,0,0,0,0,0,0,0,0,0,0,0,0,0,0,0,0,0
"v3_Nonwhite_q18",0,0,0,0,0,0,0,0,0,0,0,0,0,0,0,0,0,0,0,0,0,0,0,0,0,0,0,0,0,0,0,0,0,0,0,0,0,0,0,0,0
"v4_Nonwhite_q18",0,0,0,0,0,0,0,0,0,0,0,0,0,0,0,0,0,0,0,0,0,0,0,0,0,0,0,0,0,0,0,0,0,0,0,0,0,0,0,0,0
"v3_Nonwhite_q19",0,0,0,0,0,0,0,0,0,0,0,0,0,0,0,0,0,0,0,0,0,0,0,0,0,0,0,0,0,0,0,0,0,0,0,0,0,0,0,0,0
"v4_Nonwhite_q19",0,0,0,0,0,0,0,0,0,0,0,0,0,0,0,0,0,0,0,0,0,0,0,0,0,0,0,0,0,0,0,0,0,0,0,0,0,0,0,0,0
"v3_Nonwhite_q20",0,0,0,0,0,0,0,0,0,0,0,0,0,0,0,0,0,0,0,0,0,0,0,0,0,0,0,0,0,0,0,0,0,0,0,0,0,0,0,0,0
"v4_Nonwhite_q20",0,0,0,0,0,0,0,0,0,0,0,0,0,0,0,0,0,0,0,0,0,0,0,0,0,0,0,0,0,0,0,0,0,0,0,0,0,0,0,0,0
"v3_Urban_q1",11670,386,3891,63,6548,302,597,12194,329,3803,3806,809,2014,1075,1241,1279,1007,374,0,4881,2052,32,0,354,0,32,0,25,220,0,0,9,22,0,62,19,0,0,31,0,18
"v4_Urban_q1",11728,382,3632,62,6594,297,569,11877,334,3809,3526,699,2089,1023,1259,1250,1085,345,0,4708,2086,27,0,302,0,25,0,23,208,0,0,8,13,0,43,10,0,0,24,0,14
"v3_Urban_q2",13067,434,5172,51,6537,265,849,9770,251,3692,3610,1013,2536,1576,1506,1272,626,358,0,6280,2046,26,0,587,0,69,0,32,297,0,10,13,59,0,133,75,0,0,76,0,20
"v4_Urban_q2",12153,371,5233,44,6147,280,702,9025,247,3341,3519,782,2393,1335,1380,1116,500,311,0,5504,1893,23,0,559,0,56,0,27,196,0,8,12,27,0,114,28,0,0,42,0,22
"v3_Urban_q3",9126,346,4493,27,4217,203,785,5900,160,2409,2588,756,1731,1235,1016,786,182,239,0,5518,1259,21,0,548,11,42,0,31,169,0,8,5,93,0,242,115,0,0,77,0,21
"v4_Urban_q3",7798,262,3748,23,3456,163,594,5059,138,2101,2332,628,1462,891,820,667,169,197,0,4545,991,20,0,422,5,28,0,24,152,0,5,0,42,0,127,31,0,0,56,0,15
"v3_Urban_q4",4413,194,2446,9,2000,65,426,2760,75,1227,1090,413,902,681,460,389,48,83,0,2835,561,14,5,337,0,22,0,18,61,0,0,0,82,5,186,113,0,0,68,0,18
"v4_Urban_q4",5302,221,2773,19,2383,88,463,3421,82,1384,1255,493,1056,684,578,475,85,125,0,3158,664,13,0,310,0,30,0,22,100,0,5,0,30,0,117,53,0,0,42,0,6
"v3_Urban_q5",4581,179,2574,12,1963,66,442,3146,81,1361,977,448,946,771,492,402,34,112,0,3036,508,27,0,434,0,35,0,23,51,0,21,5,197,0,268,179,0,0,115,0,7
"v4_Urban_q5",4296,179,2364,5,1956,67,428,2851,74,1175,968,430,852,581,488,358,61,107,0,2770,558,9,0,319,0,24,0,13,81,0,9,6,59,0,141,57,0,0,71,0,6
"v3_Urban_q6",4510,205,2477,9,1871,59,409,2960,56,1365,928,516,872,741,473,341,25,102,0,3221,498,43,0,529,0,34,0,29,58,0,26,11,357,10,315,253,0,0,158,5,10
"v4_Urban_q6",3636,156,1876,6,1549,48,373,2306,50,1035,803,371,694,531,381,295,26,74,0,2359,409,15,0,281,0,26,0,21,64,0,5,0,58,5,139,83,0,0,53,0,13
"v3_Urban_q7",3194,151,1830,0,1292,30,314,2053,32,975,660,363,523,492,296,236,19,57,0,2428,354,25,0,410,0,29,0,21,35,0,17,10,284,7,236,206,0,0,138,0,10
"v4_Urban_q7",2898,132,1562,5,1252,37,293,1892,36,845,611,352,541,389,316,244,10,68,0,2058,315,10,0,256,0,15,0,10,46,0,17,0,118,0,129,100,0,0,68,0,8
"v3_Urban_q8",2064,110,1214,8,888,22,237,1374,20,686,439,253,408,358,205,180,8,32,0,1762,253,20,0,296,0,29,0,18,21,0,17,9,196,8,182,142,0,0,119,0,7
"v4_Urban_q8",2558,117,1381,9,1027,31,286,1822,20,818,528,362,499,386,255,227,7,46,0,2038,293,8,0,286,0,23,0,16,34,0,10,5,149,6,126,148,0,0,84,0,8
"v3_Urban_q9",2269,97,1212,0,999,19,249,1499,15,840,476,295,465,352,233,159,6,61,0,1941,245,23,0,318,0,34,0,17,22,0,28,10,226,0,221,139,0,0,142,0,11
"v4_Urban_q9",2388,106,1340,5,1013,21,281,1659,26,794,509,354,460,403,250,202,6,57,0,2017,292,16,0,324,0,32,0,20,39,0,15,8,271,6,161,213,0,0,110,0,6
"v3_Urban_q10",1920,90,1045,0,776,29,227,1244,19,683,395,252,366,271,198,154,0,45,0,1716,198,16,0,275,0,19,0,21,23,0,14,6,178,7,196,117,0,0,112,0,11
"v4_Urban_q10",2000,109,1108,0,897,24,226,1381,16,720,423,315,375,335,209,166,0,53,0,1783,221,30,0,304,0,29,0,22,21,0,17,12,284,6,160,201,0,0,112,0,0
"v3_Urban_q11",1581,82,793,0,652,13,192,1015,18,544,306,217,281,232,149,130,0,34,0,1473,149,18,0,223,0,31,0,24,11,0,17,0,114,7,158,81,0,0,117,0,9
"v4_Urban_q11",1692,82,890,0,707,11,217,1272,9,641,324,252,304,324,192,131,0,50,0,1656,188,32,0,312,0,25,0,14,21,0,17,0,280,5,186,211,0,0,135,0,9
"v3_Urban_q12",1534,81,703,0,636,9,193,965,11,539,299,185,272,198,178,116,0,39,0,1477,161,10,0,230,0,19,0,22,18,0,18,0,98,7,149,65,0,0,105,0,9
"v4_Urban_q12",1867,105,924,6,747,13,236,1183,17,680,396,251,314,306,182,158,0,43,0,1793,210,25,0,338,0,29,0,31,16,0,25,11,288,12,222,201,0,0,164,0,9
"v3_Urban_q13",835,36,374,0,367,5,117,465,6,318,181,128,162,112,91,77,0,16,0,843,100,0,0,99,0,8,0,13,8,0,8,0,32,0,96,46,0,0,44,0,0
"v4_Urban_q13",1310,72,692,0,552,0,182,832,11,508,261,227,237,252,149,111,0,38,0,1357,161,25,0,252,0,21,0,17,12,0,16,7,173,6,166,134,0,0,116,0,14
"v3_Urban_q14",1024,41,434,0,469,7,157,566,7,355,213,157,167,138,91,83,0,26,0,1043,118,0,0,98,0,13,0,18,11,0,7,6,40,0,82,42,0,0,46,0,0
"v4_Urban_q14",1086,55,549,0,457,8,160,746,11,452,243,151,181,243,100,87,0,26,0,1198,121,16,0,199,0,23,0,24,13,0,13,7,113,0,182,80,0,0,101,0,13
"v3_Urban_q15",584,33,223,0,260,5,90,326,0,192,136,103,84,60,62,49,0,15,0,611,88,0,0,40,0,11,0,7,9,0,5,0,18,0,52,18,0,0,30,0,0
"v4_Urban_q15",760,45,365,0,330,0,93,492,5,321,181,118,134,199,82,70,0,24,0,855,82,8,0,126,0,17,0,14,10,0,12,5,43,0,149,27,0,0,91,0,9
"v3_Urban_q16",606,25,223,0,253,0,91,292,0,197,107,124,83,57,69,51,0,11,0,630,69,0,0,38,0,8,0,8,7,0,7,0,14,0,34,9,0,0,36,0,0
"v4_Urban_q16",697,36,307,0,333,5,131,375,0,288,148,126,112,203,70,72,0,21,0,849,97,0,0,106,0,18,0,9,5,0,17,0,31,0,176,23,0,0,56,0,0
"v3_Urban_q17",450,15,152,0,228,0,93,248,0,162,86,140,56,33,59,43,0,15,0,499,54,0,0,29,0,5,0,6,9,0,0,0,10,0,22,8,0,0,18,0,0
"v4_Urban_q17",549,43,230,0,229,0,98,289,6,238,130,108,79,135,55,48,0,16,0,638,81,0,0,69,0,6,0,12,7,0,8,0,26,0,135,16,0,0,43,0,0
"v3_Urban_q18",158,9,43,0,72,0,32,103,0,41,30,48,22,16,22,20,0,0,0,164,25,0,0,5,0,0,0,0,0,0,0,0,0,0,7,0,0,0,0,0,0
"v4_Urban_q18",534,23,203,0,248,0,94,253,0,161,117,122,77,109,41,55,0,17,0,636,55,0,0,61,0,9,0,9,6,0,9,0,13,0,123,7,0,0,38,0,0
"v3_Urban_q19",80,0,15,0,40,0,12,46,0,23,14,12,15,6,9,0,0,0,0,72,13,0,0,0,0,6,0,0,0,0,0,0,0,0,0,0,0,0,0,0,0
"v4_Urban_q19",229,13,90,0,109,0,48,121,0,64,47,54,27,60,28,22,0,0,0,306,19,0,0,18,0,7,0,0,0,0,0,0,0,0,37,0,0,0,22,0,0
"v3_Urban_q20",0,0,0,0,0,0,0,0,0,0,0,0,0,0,0,0,0,0,0,0,0,0,0,0,0,0,0,0,0,0,0,0,0,0,0,0,0,0,0,0,0
"v4_Urban_q20",186,6,47,0,83,0,38,70,0,37,20,37,19,15,15,17,0,0,0,202,15,0,0,8,0,5,0,0,0,0,0,0,0,0,9,0,0,0,8,0,0
"v3_Rural_q1",2334,85,981,17,1405,53,131,2801,79,793,770,158,423,275,257,315,229,93,0,977,402,0,0,82,0,7,0,6,49,0,0,0,6,0,26,0,0,0,8,0,7
"v4_Rural_q1",2321,83,937,13,1436,53,112,2738,79,784,746,137,438,269,265,324,247,93,0,981,411,0,0,63,0,9,0,0,48,0,0,0,0,0,15,0,0,0,0,0,8
"v3_Rural_q2",2287,79,1042,5,1175,46,153,1734,61,619,631,141,488,310,251,317,111,96,0,1141,322,0,0,120,0,0,0,8,46,0,0,0,8,0,41,16,0,0,18,0,8
"v4_Rural_q2",2192,76,1076,8,1119,47,148,1737,60,576,581,125,458,262,234,279,86,87,0,961,293,0,0,120,0,0,0,10,30,0,0,0,6,0,42,5,0,0,13,0,6
"v3_Rural_q3",1508,68,905,5,775,34,148,1080,40,390,437,111,304,280,197,183,37,57,0,919,197,0,0,119,0,9,0,12,17,0,0,0,23,0,62,35,0,0,20,0,6
"v4_Rural_q3",1303,50,726,5,651,26,99,875,36,324,385,97,262,196,169,155,34,51,0,775,153,0,0,77,0,5,0,11,25,0,0,0,10,0,38,9,0,0,14,0,0
"v3_Rural_q4",764,33,498,0,396,16,72,517,15,232,174,58,156,151,87,94,10,26,0,511,72,0,0,72,0,0,0,6,10,0,0,0,16,0,46,22,0,0,20,0,0
"v4_Rural_q4",871,31,563,0,422,23,89,560,20,228,194,65,180,119,107,111,15,22,0,508,87,0,0,65,0,0,0,6,12,0,0,0,5,0,33,8,0,0,14,0,0
"v3_Rural_q5",774,31,530,0,358,8,79,514,11,235,173,69,174,160,95,88,8,26,0,515,73,0,0,115,0,0,0,5,7,0,0,0,41,0,49,32,0,0,23,0,0
"v4_Rural_q5",675,21,473,0,313,5,74,476,6,218,153,62,163,124,76,72,10,25,0,461,79,0,0,85,0,0,0,0,6,0,0,0,17,0,30,18,0,0,10,0,0
"v3_Rural_q6",733,29,477,0,328,10,71,519,11,252,120,74,180,138,91,74,0,23,0,544,72,11,0,119,0,0,0,12,6,0,6,0,74,5,74,42,0,0,36,0,0
"v4_Rural_q6",555,35,343,0,259,5,54,386,6,174,126,42,122,111,73,62,7,23,0,406,60,0,0,70,0,0,0,6,8,0,0,0,14,0,31,15,0,0,15,0,0
"v3_Rural_q7",513,30,346,0,240,5,46,340,7,184,96,44,107,99,55,45,0,21,0,367,50,11,0,80,0,0,0,0,0,0,0,0,46,0,35,36,0,0,31,0,0
"v4_Rural_q7",454,20,315,0,206,8,50,307,12,150,96,47,99,94,49,44,0,15,0,319,52,0,0,54,0,0,0,0,0,0,0,0,29,0,22,30,0,0,17,0,0
"v3_Rural_q8",297,18,220,0,125,0,40,213,0,112,56,32,73,60,29,31,0,10,0,248,42,0,0,58,0,0,0,0,0,0,0,0,24,0,30,16,0,0,11,0,0
"v4_Rural_q8",396,14,267,0,179,7,43,261,5,143,83,51,78,79,37,45,0,12,0,331,44,0,0,56,0,0,0,0,5,0,0,0,37,0,28,19,0,0,23,0,0
"v3_Rural_q9",342,15,234,0,129,0,36,205,0,129,67,35,74,67,24,26,0,20,0,279,37,6,0,67,0,8,0,0,0,0,5,0,30,0,36,21,0,0,28,0,0
"v4_Rural_q9",360,24,236,0,169,0,44,246,0,130,81,46,87,79,39,35,0,22,0,296,30,0,0,62,0,0,0,0,0,0,0,0,38,0,36,38,0,0,10,0,0
"v3_Rural_q10",277,12,172,0,134,0,42,174,0,100,38,36,47,55,25,37,0,15,0,233,26,0,0,62,0,7,0,5,0,0,0,0,26,0,36,15,0,0,22,0,0
"v4_Rural_q10",320,18,196,0,143,0,51,207,0,131,44,36,78,65,34,27,0,15,0,263,39,6,0,65,0,0,0,0,0,0,0,0,50,0,34,37,0,0,34,0,0
"v3_Rural_q11",218,13,143,0,100,0,36,125,0,87,39,26,49,56,17,21,0,16,0,219,30,0,0,35,0,0,0,0,0,0,0,0,19,0,21,17,0,0,11,0,0
"v4_Rural_q11",247,15,156,0,120,0,36,191,0,85,50,35,42,65,24,26,0,12,0,232,22,7,0,69,0,0,0,7,0,0,0,0,34,0,28,25,0,0,19,0,0
"v3_Rural_q12",201,9,125,0,94,0,30,102,0,84,46,19,33,32,22,24,0,15,0,200,21,0,0,42,0,0,0,0,0,0,6,0,15,0,21,12,0,0,23,0,0
"v4_Rural_q12",248,9,168,0,118,0,39,179,0,123,50,38,49,49,29,37,0,17,0,255,47,11,0,72,0,0,0,0,0,0,6,0,42,0,34,28,0,0,28,0,0
"v3_Rural_q13",107,7,58,0,53,0,17,61,0,52,16,9,16,19,11,11,0,0,0,108,18,0,0,19,0,5,0,0,0,0,0,0,7,0,13,0,0,0,5,0,0
"v4_Rural_q13",190,7,126,0,85,0,29,106,5,83,34,21,34,49,18,22,0,12,0,183,19,0,0,54,0,0,0,0,0,0,0,0,24,0,25,15,0,0,19,0,0
"v3_Rural_q14",105,9,69,0,52,0,14,64,0,52,25,13,20,26,17,11,0,7,0,122,25,0,0,15,0,0,0,0,0,0,0,0,11,0,23,0,0,0,6,0,0
"v4_Rural_q14",145,9,102,0,69,0,14,94,0,72,34,15,28,41,11,19,0,8,0,172,25,5,0,31,0,7,0,0,0,0,0,0,20,0,32,11,0,0,16,0,0
"v3_Rural_q15",77,5,37,0,32,0,11,21,0,33,10,7,12,9,13,7,0,0,0,58,13,0,0,10,0,0,0,0,0,0,0,0,5,0,8,5,0,0,5,0,0
"v4_Rural_q15",120,8,63,0,42,0,15,54,0,50,18,5,21,36,9,5,0,6,0,106,15,0,0,26,0,7,0,0,0,0,5,0,10,0,30,5,0,0,13,0,0
"v3_Rural_q16",63,5,20,0,26,0,8,29,0,20,11,8,8,10,6,0,0,0,0,56,0,0,0,7,0,0,0,0,0,0,0,0,0,0,5,0,0,0,0,0,0
"v4_Rural_q16",91,10,52,0,44,0,19,51,0,45,15,9,20,43,11,7,0,6,0,105,12,0,0,24,0,0,0,0,0,0,0,0,7,0,31,5,0,0,5,0,0
"v3_Rural_q17",37,0,15,0,9,0,8,23,0,12,8,14,8,0,6,0,0,0,0,41,6,0,0,0,0,0,0,0,0,0,0,0,0,0,0,0,0,0,0,0,0
"v4_Rural_q17",70,10,37,0,25,0,12,24,0,44,15,15,7,35,8,14,0,0,0,77,7,0,0,14,0,0,0,0,0,0,0,0,5,0,10,0,0,0,11,0,0
"v3_Rural_q18",15,0,5,0,7,0,0,9,0,0,0,0,0,0,0,0,0,0,0,21,0,0,0,0,0,0,0,0,0,0,0,0,0,0,0,0,0,0,0,0,0
"v4_Rural_q18",61,7,26,0,24,0,12,27,0,22,13,8,7,26,11,5,0,0,0,90,9,0,0,16,0,0,0,0,0,0,0,0,0,0,22,0,0,0,6,0,0
"v3_Rural_q19",7,0,0,0,0,0,0,0,0,6,0,0,0,0,0,0,0,0,0,6,0,0,0,0,0,0,0,0,0,0,0,0,0,0,0,0,0,0,0,0,0
"v4_Rural_q19",22,0,14,0,8,0,0,9,0,10,0,0,0,8,0,0,0,0,0,21,0,0,0,0,0,0,0,0,0,0,0,0,0,0,8,0,0,0,0,0,0
"v3_Rural_q20",0,0,0,0,0,0,0,0,0,0,0,0,0,0,0,0,0,0,0,0,0,0,0,0,0,0,0,0,0,0,0,0,0,0,0,0,0,0,0,0,0
"v4_Rural_q20",18,0,0,0,7,0,0,0,0,0,0,0,0,0,0,0,0,0,0,23,0,0,0,0,0,0,0,0,0,0,0,0,0,0,0,0,0,0,0,0,0
"v3_Mainland_q1",13769,465,4790,80,7813,348,712,14716,402,4523,4523,943,2404,1320,1480,1584,1223,456,0,5759,2417,35,0,427,0,38,0,31,262,0,0,9,28,0,87,19,0,0,39,0,24
"v4_Mainland_q1",13813,460,4491,75,7895,342,667,14333,403,4516,4224,811,2491,1270,1501,1562,1321,429,0,5595,2461,30,0,353,0,33,0,25,249,0,0,8,16,0,58,11,0,0,28,0,20
"v3_Mainland_q2",15113,509,6097,54,7606,306,980,11300,303,4242,4199,1122,2973,1865,1732,1572,729,446,0,7308,2337,27,0,684,0,73,0,34,334,0,11,14,67,0,171,88,0,0,89,0,26
"v4_Mainland_q2",14116,440,6199,51,7150,324,828,10577,303,3865,4057,883,2800,1565,1599,1379,576,392,0,6383,2155,24,0,664,0,60,0,33,219,0,8,13,33,0,154,31,0,0,50,0,27
"v3_Mainland_q3",10428,407,5310,32,4897,236,913,6838,194,2773,2987,849,1994,1484,1197,959,216,290,0,6348,1441,23,0,649,11,51,0,42,183,0,11,5,112,0,297,144,0,0,92,0,23
"v4_Mainland_q3",8932,309,4392,27,4037,187,684,5818,169,2389,2692,702,1690,1067,971,814,200,240,0,5231,1133,22,0,486,5,32,0,33,175,0,5,0,49,5,162,39,0,0,68,0,18
"v3_Mainland_q4",5093,218,2891,13,2361,79,487,3206,85,1430,1255,450,1034,820,536,479,58,105,0,3310,620,17,5,402,0,25,0,24,71,0,0,6,94,5,229,132,0,0,85,0,19
"v4_Mainland_q4",6077,247,3272,21,2761,109,536,3897,96,1590,1431,542,1215,795,667,583,100,142,0,3614,742,13,0,365,5,33,0,27,109,0,8,0,35,0,147,58,0,0,55,0,6
"v3_Mainland_q5",5250,205,3034,14,2275,73,512,3579,91,1569,1139,508,1099,910,573,483,41,134,0,3485,571,26,0,533,0,34,0,28,58,0,23,7,235,7,308,208,0,0,137,0,10
"v4_Mainland_q5",4882,195,2784,8,2223,72,492,3252,80,1372,1106,483,993,687,557,428,71,130,0,3183,624,9,0,394,0,26,0,16,87,0,9,7,76,0,168,72,0,0,76,0,7
"v3_Mainland_q6",5144,230,2896,9,2149,68,464,3389,65,1594,1034,579,1032,864,556,413,28,121,0,3705,563,52,0,629,0,37,0,41,64,0,31,13,423,14,378,293,0,0,188,6,13
"v4_Mainland_q6",4114,185,2177,7,1776,53,417,2637,54,1191,922,404,802,628,449,352,32,93,0,2721,461,19,0,341,5,28,0,27,72,0,5,5,70,6,166,96,0,0,67,0,14
"v3_Mainland_q7",3632,174,2142,0,1499,35,355,2353,34,1140,747,397,616,580,342,278,23,76,0,2752,393,36,0,477,0,32,0,21,38,0,19,11,325,8,266,238,0,0,162,0,13
"v4_Mainland_q7",3279,148,1842,5,1425,44,333,2159,43,977,701,389,629,472,358,286,13,81,0,2341,359,13,0,304,0,17,0,14,49,0,19,0,142,0,150,128,0,0,82,0,11
"v3_Mainland_q8",2313,127,1411,9,991,24,273,1562,23,779,493,274,469,409,230,209,10,41,0,1975,288,24,0,346,0,32,0,21,24,0,21,9,216,10,207,155,0,0,126,0,9
"v4_Mainland_q8",2901,128,1619,9,1186,37,323,2034,24,943,606,407,568,461,287,268,10,57,0,2335,324,10,0,335,0,23,0,18,38,0,14,6,178,8,147,165,0,0,105,0,9
"v3_Mainland_q9",2567,112,1414,0,1111,19,282,1676,16,958,536,324,529,408,255,185,8,74,0,2187,278,28,0,376,0,41,0,19,23,0,32,10,251,7,251,159,0,0,168,0,11
"v4_Mainland_q9",2702,128,1542,6,1160,24,321,1874,28,912,579,393,534,475,283,237,6,74,0,2285,319,16,0,377,0,33,0,23,42,0,19,10,302,8,191,249,0,0,118,0,8
"v3_Mainland_q10",2155,101,1186,0,892,33,263,1391,20,773,430,283,405,317,220,187,0,59,0,1913,222,18,0,330,0,25,0,26,26,0,15,7,200,7,226,128,0,0,132,0,12
"v4_Mainland_q10",2271,124,1277,6,1020,26,268,1548,18,838,462,343,443,396,236,191,0,66,0,2016,259,34,0,357,0,31,0,24,25,0,20,12,333,7,189,236,0,0,142,0,0
"v3_Mainland_q11",1775,91,917,0,739,16,224,1114,21,618,341,240,322,280,162,149,0,49,0,1671,174,20,0,253,0,32,0,25,12,0,19,5,131,7,174,95,0,0,127,0,10
"v4_Mainland_q11",1901,94,1027,0,812,13,250,1440,10,720,369,280,338,382,214,155,5,60,0,1852,208,39,0,371,0,29,0,21,22,0,18,5,308,8,209,234,0,0,150,0,11
"v3_Mainland_q12",1698,90,817,0,719,10,217,1057,13,610,341,199,301,228,197,139,0,51,0,1653,181,10,0,263,0,23,0,25,19,0,23,0,112,7,168,77,0,0,125,0,9
"v4_Mainland_q12",2070,114,1068,6,849,14,271,1344,18,789,442,278,356,347,208,192,0,58,0,2010,252,35,0,391,0,32,0,33,18,0,31,12,327,13,251,224,0,0,190,0,9
"v3_Mainland_q13",924,43,424,0,417,6,128,516,8,365,196,135,177,129,100,87,0,18,0,936,113,0,0,116,0,13,0,13,11,0,8,0,38,0,108,46,0,0,48,0,0
"v4_Mainland_q13",1476,79,800,0,625,0,204,917,16,582,292,244,266,292,165,132,0,48,0,1511,178,26,0,300,0,22,0,20,14,0,18,7,196,8,187,147,0,0,131,0,17
"v3_Mainland_q14",1114,50,497,0,505,9,167,619,9,401,236,166,185,161,103,93,0,32,0,1142,140,0,0,109,0,13,0,21,11,0,10,7,51,0,101,44,0,0,51,0,0
"v4_Mainland_q14",1208,64,642,0,517,8,173,825,14,513,275,164,207,279,107,104,0,33,0,1347,140,21,0,228,0,30,0,25,14,0,15,8,127,0,203,87,0,0,115,0,13
"v3_Mainland_q15",649,37,257,0,287,5,99,344,0,223,144,107,96,67,75,55,0,19,0,662,101,0,0,48,0,12,0,7,9,0,6,0,23,0,57,23,0,0,35,0,0
"v4_Mainland_q15",867,53,422,0,366,0,105,539,5,360,197,123,152,231,89,75,0,29,0,942,95,8,0,149,0,24,0,17,12,0,16,5,53,0,176,31,0,0,101,0,8
"v3_Mainland_q16",663,30,241,0,277,0,97,317,0,216,117,130,91,65,73,55,0,12,0,678,71,0,0,43,0,8,0,8,9,0,8,0,14,0,38,9,0,0,36,0,0
"v4_Mainland_q16",779,44,353,0,371,7,147,422,0,328,162,133,129,240,80,78,0,27,0,944,109,0,0,127,0,20,0,11,5,0,18,0,38,0,203,28,0,0,60,0,0
"v3_Mainland_q17",475,16,165,0,236,0,100,268,0,173,92,153,63,34,63,46,0,15,0,536,58,0,0,32,0,5,0,7,9,0,0,0,11,0,25,9,0,0,20,0,0
"v4_Mainland_q17",607,53,266,0,248,0,107,311,5,280,144,119,86,168,61,60,0,18,0,708,85,0,0,80,0,7,0,12,7,0,8,0,31,0,144,20,0,0,54,0,0
"v3_Mainland_q18",173,9,47,0,78,0,35,112,0,45,34,50,22,16,24,22,0,5,0,184,25,0,0,6,0,0,0,0,0,0,0,0,0,0,7,0,0,0,0,0,0
"v4_Mainland_q18",581,29,227,0,268,0,104,275,0,181,127,129,83,129,51,60,0,19,0,715,63,0,0,76,0,10,0,9,7,0,11,0,15,0,141,7,0,0,43,0,0
"v3_Mainland_q19",85,0,15,0,40,0,13,47,0,28,16,13,15,8,9,0,0,0,0,77,13,0,0,5,0,6,0,0,0,0,0,0,0,0,0,0,0,0,0,0,0
"v4_Mainland_q19",246,15,104,0,114,0,50,128,0,74,50,55,26,65,28,23,0,6,0,323,22,0,0,19,0,7,0,0,0,0,0,0,0,0,43,0,0,0,21,0,0
"v3_Mainland_q20",0,0,0,0,0,0,0,0,0,0,0,0,0,0,0,0,0,0,0,0,0,0,0,0,0,0,0,0,0,0,0,0,0,0,0,0,0,0,0,0,0
"v4_Mainland_q20",199,6,47,0,90,0,41,74,0,40,22,40,19,16,16,20,0,5,0,225,17,0,0,11,0,6,0,0,0,0,0,0,0,0,10,0,0,0,9,0,0
"v3_Island_q1",235,6,82,0,140,7,16,279,6,73,53,24,33,30,18,10,13,11,0,99,37,0,0,9,0,0,0,0,7,0,0,0,0,0,0,0,0,0,0,0,0
"v4_Island_q1",236,5,78,0,135,8,14,282,10,77,48,25,36,22,23,12,11,9,0,94,36,0,0,12,0,0,0,0,7,0,0,0,0,0,0,0,0,0,0,0,0
"v3_Island_q2",241,0,117,0,106,5,22,204,9,69,42,32,51,21,25,17,8,8,0,113,31,0,0,23,0,0,0,6,9,0,0,0,0,0,0,0,0,0,5,0,0
"v4_Island_q2",229,7,110,0,116,0,22,185,0,52,43,24,51,32,15,16,10,6,0,82,31,0,0,15,0,0,0,0,7,0,0,0,0,0,0,0,0,0,5,0,0
"v3_Island_q3",206,7,88,0,95,0,20,142,6,26,38,18,41,31,16,10,0,6,0,89,15,0,0,18,0,0,0,0,0,0,0,0,0,0,7,6,0,0,5,0,0
"v4_Island_q3",169,0,82,0,70,0,9,116,5,36,25,23,34,20,18,8,0,8,0,89,11,0,0,13,0,0,0,0,0,0,0,0,0,0,0,0,0,0,0,0,0
"v3_Island_q4",84,9,53,0,35,0,11,71,5,29,9,21,24,12,11,0,0,0,0,36,13,0,0,7,0,0,0,0,0,0,0,0,0,0,0,0,0,0,0,0,0
"v4_Island_q4",96,5,64,0,44,0,16,84,6,22,18,16,21,8,18,0,0,5,0,52,9,0,0,10,0,0,0,0,0,0,0,0,0,0,0,0,0,0,0,0,0
"v3_Island_q5",105,5,70,0,46,0,9,81,0,27,11,9,21,21,14,7,0,0,0,66,10,0,0,16,0,0,0,0,0,0,0,0,0,0,9,0,0,0,0,0,0
"v4_Island_q5",89,5,53,0,46,0,10,75,0,21,15,9,22,18,7,0,0,0,0,48,13,0,0,10,0,0,0,0,0,0,0,0,0,0,0,0,0,0,5,0,0
"v3_Island_q6",99,0,58,0,50,0,16,90,0,23,14,11,20,15,8,0,0,0,0,60,7,0,0,19,0,0,0,0,0,0,0,0,8,0,11,0,0,0,6,0,0
"v4_Island_q6",77,6,42,0,32,0,10,55,0,18,7,9,14,14,5,5,0,0,0,44,8,0,0,10,0,0,0,0,0,0,0,0,0,0,0,0,0,0,0,0,0
"v3_Island_q7",75,7,34,0,33,0,5,40,5,19,9,10,14,11,9,0,0,0,0,43,11,0,0,13,0,0,0,0,0,0,0,0,5,0,5,0,0,0,7,0,0
"v4_Island_q7",73,0,35,0,33,0,10,40,5,18,6,10,11,11,7,0,0,0,0,36,8,0,0,6,0,0,0,0,0,0,0,0,5,0,0,0,0,0,0,0,0
"v3_Island_q8",48,0,23,0,22,0,0,25,0,19,0,11,12,9,0,0,0,0,0,35,7,0,0,8,0,0,0,0,0,0,0,0,0,0,5,0,0,0,0,0,0
"v4_Island_q8",53,0,29,0,20,0,6,49,0,18,5,6,9,0,5,0,0,0,0,34,13,0,0,7,0,0,0,0,0,0,0,0,8,0,7,0,0,0,0,0,0
"v3_Island_q9",44,0,32,0,17,0,0,28,0,11,7,6,10,11,0,0,0,7,0,33,0,0,0,9,0,0,0,0,0,0,0,0,5,0,6,0,0,0,0,0,0
"v4_Island_q9",46,0,34,0,22,0,0,31,0,12,11,7,13,7,6,0,0,5,0,28,0,0,0,9,0,0,0,0,0,0,0,0,7,0,6,0,0,0,0,0,0
"v3_Island_q10",42,0,31,0,18,0,6,27,0,10,0,5,8,9,0,0,0,0,0,36,0,0,0,7,0,0,0,0,0,0,0,0,0,0,6,0,0,0,0,0,0
"v4_Island_q10",49,0,27,0,20,0,9,40,0,13,5,8,10,0,7,0,0,0,0,30,0,0,0,12,0,0,0,0,0,0,0,0,0,0,5,0,0,0,0,0,0
"v3_Island_q11",24,0,19,0,13,0,0,26,0,13,0,0,8,8,0,0,0,0,0,21,5,0,0,5,0,0,0,0,0,0,0,0,0,0,5,0,0,0,0,0,0
"v4_Island_q11",38,0,19,0,15,0,0,23,0,6,5,7,8,7,0,0,0,0,0,36,0,0,0,10,0,0,0,0,0,0,0,0,6,0,5,0,0,0,0,0,0
"v3_Island_q12",37,0,11,0,11,0,6,10,0,13,0,5,0,0,0,0,0,0,0,24,0,0,0,9,0,0,0,0,0,0,0,0,0,0,0,0,0,0,0,0,0
"v4_Island_q12",45,0,24,0,16,0,0,18,0,14,0,11,7,8,0,0,0,0,0,38,5,0,0,19,0,0,0,0,0,0,0,0,0,0,5,5,0,0,0,0,0
"v3_Island_q13",18,0,8,0,0,0,6,10,0,5,0,0,0,0,0,0,0,0,0,15,5,0,0,0,0,0,0,0,0,0,0,0,0,0,0,0,0,0,0,0,0
"v4_Island_q13",24,0,18,0,12,0,7,21,0,9,0,0,5,9,0,0,0,0,0,29,0,0,0,6,0,0,0,0,0,0,0,0,0,0,0,0,0,0,0,0,0
"v3_Island_q14",15,0,6,0,16,0,0,11,0,6,0,0,0,0,5,0,0,0,0,23,0,0,0,0,0,0,0,0,0,0,0,0,0,0,0,0,0,0,0,0,0
"v4_Island_q14",23,0,9,0,9,0,0,15,0,11,0,0,0,5,0,0,0,0,0,23,6,0,0,0,0,0,0,0,0,0,0,0,6,0,11,0,0,0,0,0,0
"v3_Island_q15",12,0,0,0,5,0,0,0,0,0,0,0,0,0,0,0,0,0,0,7,0,0,0,0,0,0,0,0,0,0,0,0,0,0,0,0,0,0,0,0,0
"v4_Island_q15",13,0,6,0,6,0,0,7,0,11,0,0,0,0,0,0,0,0,0,19,0,0,0,0,0,0,0,0,0,0,0,0,0,0,0,0,0,0,0,0,0
"v3_Island_q16",6,0,0,0,0,0,0,0,0,0,0,0,0,0,0,0,0,0,0,8,0,0,0,0,0,0,0,0,0,0,0,0,0,0,0,0,0,0,0,0,0
"v4_Island_q16",9,0,6,0,6,0,0,0,0,5,0,0,0,6,0,0,0,0,0,10,0,0,0,0,0,0,0,0,0,0,0,0,0,0,0,0,0,0,0,0,0
"v3_Island_q17",12,0,0,0,0,0,0,0,0,0,0,0,0,0,0,0,0,0,0,0,0,0,0,0,0,0,0,0,0,0,0,0,0,0,0,0,0,0,0,0,0
"v4_Island_q17",12,0,0,0,6,0,0,0,0,0,0,0,0,0,0,0,0,0,0,7,0,0,0,0,0,0,0,0,0,0,0,0,0,0,0,0,0,0,0,0,0
"v3_Island_q18",0,0,0,0,0,0,0,0,0,0,0,0,0,0,0,0,0,0,0,0,0,0,0,0,0,0,0,0,0,0,0,0,0,0,0,0,0,0,0,0,0
"v4_Island_q18",14,0,0,0,0,0,0,5,0,0,0,0,0,6,0,0,0,0,0,11,0,0,0,0,0,0,0,0,0,0,0,0,0,0,0,0,0,0,0,0,0
"v3_Island_q19",0,0,0,0,0,0,0,0,0,0,0,0,0,0,0,0,0,0,0,0,0,0,0,0,0,0,0,0,0,0,0,0,0,0,0,0,0,0,0,0,0
"v4_Island_q19",5,0,0,0,0,0,0,0,0,0,0,0,0,0,0,0,0,0,0,0,0,0,0,0,0,0,0,0,0,0,0,0,0,0,0,0,0,0,0,0,0
"v3_Island_q20",0,0,0,0,0,0,0,0,0,0,0,0,0,0,0,0,0,0,0,0,0,0,0,0,0,0,0,0,0,0,0,0,0,0,0,0,0,0,0,0,0
"v4_Island_q20",5,0,0,0,0,0,0,0,0,0,0,0,0,0,0,0,0,0,0,0,0,0,0,0,0,0,0,0,0,0,0,0,0,0,0,0,0,0,0,0,0
